candidate_id	archive_relative_path	member_name	material	archive_size_bytes	archive_mtime_ns	archive_sha256	member_uncompressed_bytes	member_crc32_hex	paired_genome_ids	cds_count	comment_line_count	compression	duplicate_gene_id_count	duplicate_transcript_id_count	embedded_fasta	exon_count	feature_count	feature_counts	file_sha256	file_size_bytes	format	gene_count	gff_version	invalid_coordinate_count	invalid_phase_count	invalid_strand_count	malformed_line_count	seqid_count	seqid_max_end	transcript_count	unique_gene_id_count	unique_transcript_id_count	implementation_sha256	status
a913c047e49ef604	soyod/58-161/gff/58-161.annotation.zip	58-161.annotation.gff	58-161	10233184	1706622884000000000	12c28ce679362528471a17c6037db81e97558f7dc98445fa8d1a66d627083ca3	117289335	42700832	a876d48a2c706a07	446122	0	plain	0	0	False	486772	1231445	"{""CDS"":446122,""exon"":486772,""five_prime_UTR"":82645,""gene"":58881,""mRNA"":84108,""three_prime_UTR"":72917}"	0435dffcb815c8fac9fd40c94d786e6614beb7e04a0853f3f713c2d04e6039b8	117289335	GFF3	58881		0	0	0	0	35	"{""Chr01"":58295496,""Chr02"":53183615,""Chr03"":47886720,""Chr04"":53462994,""Chr05"":44463177,""Chr06"":52231133,""Chr07"":47062336,""Chr08"":50242152,""Chr09"":50438601,""Chr10"":54123364,""Chr11"":41267561,""Chr12"":43122290,""Chr13"":46138561,""Chr14"":52370573,""Chr15"":56275116,""Chr16"":39255240,""Chr17"":42456667,""Chr18"":59977580,""Chr19"":51597114,""Chr20"":51347542,""HiC_scaffold_1"":354706,""HiC_scaffold_11"":1808410,""HiC_scaffold_26"":4970201,""HiC_scaffold_27"":71566,""HiC_scaffold_29"":24347,""HiC_scaffold_30"":27703,""HiC_scaffold_31"":23609,""HiC_scaffold_32"":19663,""HiC_scaffold_33"":23423,""HiC_scaffold_34"":23164,""HiC_scaffold_35"":18083,""HiC_scaffold_36"":17166,""HiC_scaffold_47"":30115,""HiC_scaffold_50"":23594,""HiC_scaffold_51"":15352}"	84108	58881	84108	51722e652cb20ebc36a81f4135b9c9f04403bc3a4c90a9b96d11d176b49a4ee3	PASS
31995c10e87bb933	soyod/Amsoy/gff/Amsoy.annotation.zip	Amsoy.annotation.gff	Amsoy	10402917	1706622888000000000	9acaa313fd6f9f16d249e8247a0965a4d149049fd516d99ed0cb966aa678481a	119812975	6a6d05a9	d7bf33512f5efb70	451270	0	plain	0	0	False	495833	1255848	"{""CDS"":451270,""exon"":495833,""five_prime_UTR"":88391,""gene"":58040,""mRNA"":84959,""three_prime_UTR"":77355}"	9e85b7dc927fe05eb272ffbfb16f9cd49e6f85080843659ce609cb0096c639bc	119812975	GFF3	58040		0	0	0	0	27	"{""Chr01"":58539983,""Chr02"":52208305,""Chr03"":48179530,""Chr04"":53035854,""Chr05"":44887570,""Chr06"":52560889,""Chr07"":47317064,""Chr08"":49676643,""Chr09"":49222043,""Chr10"":53786394,""Chr11"":41034690,""Chr12"":42464800,""Chr13"":46758889,""Chr14"":51973070,""Chr15"":53566037,""Chr16"":38629366,""Chr17"":43093585,""Chr18"":60538911,""Chr19"":51247654,""Chr20"":50189174,""HiC_scaffold_1"":1036046,""HiC_scaffold_2"":1429732,""HiC_scaffold_24"":44110,""HiC_scaffold_25"":22781,""HiC_scaffold_27"":25189,""HiC_scaffold_28"":15902,""HiC_scaffold_31"":41151}"	84959	58040	84959	51722e652cb20ebc36a81f4135b9c9f04403bc3a4c90a9b96d11d176b49a4ee3	PASS
05812814b4fa2961	soyod/Chang_Chun_Man_Cang_Jin/gff/Chang_Chun_Man_Cang_Jin.annotation.zip	Chang_Chun_Man_Cang_Jin.annotation.gff	Chang_Chun_Man_Cang_Jin	10466339	1706622903000000000	095c990c882ff1afe023f7450e5a9965b5dc26e85f6e7f402a3d8eab58c281e5	121123046	43299fc4	.	464151	0	plain	0	0	False	506838	1269719	"{""CDS"":464151,""exon"":506838,""five_prime_UTR"":85249,""gene"":56573,""mRNA"":82758,""three_prime_UTR"":74150}"	f6b9ce94bbe972f261b676ea5da0504d6c18752aa9c6d4958985d80494270716	121123046	GFF3	56573		0	0	0	0	34	"{""Chr01"":59121353,""Chr02"":52466284,""Chr03"":48480871,""Chr04"":53256151,""Chr05"":45418202,""Chr06"":52680148,""Chr07"":47832467,""Chr08"":50070176,""Chr09"":49682997,""Chr10"":53910389,""Chr11"":41091351,""Chr12"":43144784,""Chr13"":47628242,""Chr14"":51277325,""Chr15"":55204802,""Chr16"":38454012,""Chr17"":42538858,""Chr18"":61555116,""Chr19"":52145462,""Chr20"":50673204,""HiC_scaffold_21"":37565,""HiC_scaffold_22"":22728,""HiC_scaffold_23"":34195,""HiC_scaffold_24"":34965,""HiC_scaffold_25"":15272,""HiC_scaffold_26"":6869,""HiC_scaffold_27"":30681,""HiC_scaffold_28"":25423,""HiC_scaffold_29"":24190,""HiC_scaffold_30"":12215,""HiC_scaffold_31"":13473,""HiC_scaffold_32"":12689,""HiC_scaffold_33"":22041,""HiC_scaffold_34"":22771}"	82758	56573	82758	51722e652cb20ebc36a81f4135b9c9f04403bc3a4c90a9b96d11d176b49a4ee3	PASS
3be1e56262ce8982	soyod/Dong_Nong_50/gff/Dong_Nong_50.annotation.zip	Dong_Nong_50.annotation.gff	Dong_Nong_50	9818347	1706622906000000000	b66fd2a0b5f526fb9db60763aa06c7f973ef882b6c4f3e6334e2e8954d49f13b	112177233	6f19df5a	707efaf04ecddda3	428771	0	plain	0	0	False	468872	1176439	"{""CDS"":428771,""exon"":468872,""five_prime_UTR"":77909,""gene"":55000,""mRNA"":77373,""three_prime_UTR"":68514}"	dd99d4678e77f8e2b76b4ca12092d452a0ea6d7874bfec5e0748e6254a6e64b1	112177233	GFF3	55000		0	0	0	0	63	"{""Chr01"":59440890,""Chr02"":53334579,""Chr03"":49178867,""Chr04"":52324055,""Chr05"":44705118,""Chr06"":52414497,""Chr07"":46836456,""Chr08"":49518958,""Chr09"":50192586,""Chr10"":55440616,""Chr11"":41296758,""Chr12"":43712087,""Chr13"":46721639,""Chr14"":51992942,""Chr15"":53123235,""Chr16"":38924831,""Chr17"":43280446,""Chr18"":60605355,""Chr19"":50768609,""Chr20"":51498389,""HiC_scaffold_1"":3314310,""HiC_scaffold_10"":155977,""HiC_scaffold_12"":99472,""HiC_scaffold_14"":1560258,""HiC_scaffold_16"":3026978,""HiC_scaffold_20"":321317,""HiC_scaffold_24"":252311,""HiC_scaffold_29"":394266,""HiC_scaffold_30"":322894,""HiC_scaffold_36"":1389789,""HiC_scaffold_39"":226680,""HiC_scaffold_40"":243729,""HiC_scaffold_41"":451933,""HiC_scaffold_42"":1077750,""HiC_scaffold_43"":86935,""HiC_scaffold_44"":1093122,""HiC_scaffold_45"":3452991,""HiC_scaffold_46"":1309995,""HiC_scaffold_47"":4763910,""HiC_scaffold_48"":40779,""HiC_scaffold_49"":35347,""HiC_scaffold_5"":57420,""HiC_scaffold_50"":39829,""HiC_scaffold_51"":27764,""HiC_scaffold_52"":24113,""HiC_scaffold_53"":4783,""HiC_scaffold_60"":80652,""HiC_scaffold_62"":16735,""HiC_scaffold_63"":13682,""HiC_scaffold_67"":26237,""HiC_scaffold_70"":11642,""HiC_scaffold_71"":20777,""HiC_scaffold_72"":20771,""HiC_scaffold_73"":20595,""HiC_scaffold_76"":43963,""HiC_scaffold_77"":40821,""HiC_scaffold_79"":12315,""HiC_scaffold_80"":38750,""HiC_scaffold_81"":35235,""HiC_scaffold_83"":7949,""HiC_scaffold_85"":6570,""HiC_scaffold_86"":18525,""HiC_scaffold_87"":8775}"	77373	55000	77373	51722e652cb20ebc36a81f4135b9c9f04403bc3a4c90a9b96d11d176b49a4ee3	PASS
8c01fac655e2321e	soyod/Embrapa_BRS537/gff/Embrapa_BRS537.annotation.zip	Embrapa_BRS537.annotation.gff	Embrapa_BRS537	14449639	1706622917000000000	4f05fb047ade194a33d152b80d0ce44fea5b209e602332283da4fae4a1382397	375953449	c055ee35	.	504496	196	plain	0	0	False	545950	1196139	"{""CDS"":504496,""exon"":545950,""gene"":57345,""mRNA"":88253,""region"":95}"	2103a6c12b361f107ce209a2e7cd9b2a79232b52978daaef56b0d82298c58099	375953449	GFF3	57345	3	0	0	0	0	95	"{""CM022559.2"":58700403,""CM022560.2"":50956583,""CM022561.2"":48075513,""CM022562.2"":52239024,""CM022563.2"":42153581,""CM022564.2"":52487794,""CM022565.2"":46203669,""CM022566.2"":49199202,""CM022567.2"":50199924,""CM022568.2"":53221092,""CM022569.2"":38510990,""CM022570.2"":41275792,""CM022571.2"":45781668,""CM022572.2"":51600202,""CM022573.2"":53943767,""CM022574.2"":39075704,""CM022575.2"":42532186,""CM022576.2"":58500165,""CM022577.2"":51171663,""CM022578.2"":49986161,""JAAFZW020000003.1"":978186,""JAAFZW020000004.1"":699045,""JAAFZW020000005.1"":426663,""JAAFZW020000006.1"":306495,""JAAFZW020000007.1"":245544,""JAAFZW020000008.1"":136295,""JAAFZW020000011.1"":895428,""JAAFZW020000012.1"":690327,""JAAFZW020000013.1"":354874,""JAAFZW020000014.1"":302592,""JAAFZW020000015.1"":177811,""JAAFZW020000018.1"":1530048,""JAAFZW020000019.1"":700259,""JAAFZW020000020.1"":444885,""JAAFZW020000021.1"":306601,""JAAFZW020000022.1"":272887,""JAAFZW020000023.1"":224104,""JAAFZW020000024.1"":139190,""JAAFZW020000025.1"":115370,""JAAFZW020000026.1"":109751,""JAAFZW020000027.1"":104510,""JAAFZW020000028.1"":99982,""JAAFZW020000029.1"":97835,""JAAFZW020000030.1"":89382,""JAAFZW020000031.1"":81645,""JAAFZW020000032.1"":74870,""JAAFZW020000033.1"":51373,""JAAFZW020000034.1"":50002,""JAAFZW020000035.1"":49900,""JAAFZW020000036.1"":43412,""JAAFZW020000037.1"":39521,""JAAFZW020000038.1"":30826,""JAAFZW020000039.1"":22301,""JAAFZW020000040.1"":14752,""JAAFZW020000043.1"":999970,""JAAFZW020000044.1"":828205,""JAAFZW020000045.1"":481323,""JAAFZW020000046.1"":317136,""JAAFZW020000047.1"":282087,""JAAFZW020000048.1"":226180,""JAAFZW020000049.1"":152300,""JAAFZW020000050.1"":116004,""JAAFZW020000051.1"":111672,""JAAFZW020000052.1"":107183,""JAAFZW020000053.1"":99989,""JAAFZW020000054.1"":98756,""JAAFZW020000055.1"":97376,""JAAFZW020000056.1"":84497,""JAAFZW020000057.1"":76624,""JAAFZW020000058.1"":61828,""JAAFZW020000059.1"":50003,""JAAFZW020000060.1"":50000,""JAAFZW020000061.1"":47105,""JAAFZW020000062.1"":42455,""JAAFZW020000063.1"":31486,""JAAFZW020000064.1"":28749,""JAAFZW020000065.1"":22025,""JAAFZW020000068.1"":3757334,""JAAFZW020000069.1"":662596,""JAAFZW020000070.1"":317952,""JAAFZW020000071.1"":230118,""JAAFZW020000072.1"":8367,""JAAFZW020000075.1"":838084,""JAAFZW020000076.1"":568013,""JAAFZW020000077.1"":330359,""JAAFZW020000078.1"":230184,""JAAFZW020000079.1"":10743,""JAAFZW020000082.1"":858566,""JAAFZW020000083.1"":668783,""JAAFZW020000084.1"":343364,""JAAFZW020000085.1"":299549,""JAAFZW020000086.1"":22223,""JAAFZW020000089.1"":510577,""JAAFZW020000090.1"":237240,""JAAFZW020000091.1"":4999}"	88253	57345	88253	51722e652cb20ebc36a81f4135b9c9f04403bc3a4c90a9b96d11d176b49a4ee3	PASS
e4d6867418a34c2f	soyod/Feng_Di_Huang/gff/Feng_Di_Huang.annotation.zip	Feng_Di_Huang.annotation.gff	Feng_Di_Huang	10370977	1706622934000000000	3d5a694c9544d839b27882198861cf85d06fef24bbb63bcf8b9ca94cbcc01328	119442647	9c290cf8	25565e6ddb46cf2b	452818	0	plain	0	0	False	495186	1252579	"{""CDS"":452818,""exon"":495186,""five_prime_UTR"":86397,""gene"":58259,""mRNA"":84342,""three_prime_UTR"":75577}"	46fbb6944471a529c0498964545c19c058565736a5ee55affc2b16729bc02523	119442647	GFF3	58259		0	0	0	0	32	"{""Chr01"":58914410,""Chr02"":53252124,""Chr03"":49888012,""Chr04"":52605710,""Chr05"":44643628,""Chr06"":50749648,""Chr07"":47131335,""Chr08"":48451254,""Chr09"":50889702,""Chr10"":52613571,""Chr11"":41131482,""Chr12"":43522432,""Chr13"":45750126,""Chr14"":52213805,""Chr15"":52938896,""Chr16"":38894862,""Chr17"":42598828,""Chr18"":61465277,""Chr19"":51662127,""Chr20"":51284421,""HiC_scaffold_1"":2999264,""HiC_scaffold_11"":501078,""HiC_scaffold_24"":4939242,""HiC_scaffold_25"":34997,""HiC_scaffold_26"":39097,""HiC_scaffold_27"":40030,""HiC_scaffold_28"":39323,""HiC_scaffold_29"":14190,""HiC_scaffold_30"":20919,""HiC_scaffold_31"":20341,""HiC_scaffold_32"":13244,""HiC_scaffold_34"":31300}"	84342	58259	84342	51722e652cb20ebc36a81f4135b9c9f04403bc3a4c90a9b96d11d176b49a4ee3	PASS
5194bea5ac378b1f	soyod/Han_Dou_5/gff/Han_Dou_5.annotation.zip	Han_Dou_5.annotation.gff	Han_Dou_5	10721487	1706623029000000000	78fe8d564ef718400fe52bd832a8a2b3bee878eaf35db6275e9913a2a7c74c40	124928383	d2de70ac	4031d69b02a716f7	476787	0	plain	0	0	False	521666	1307904	"{""CDS"":476787,""exon"":521666,""five_prime_UTR"":90936,""gene"":55926,""mRNA"":84275,""three_prime_UTR"":78314}"	8b439e87e4544290b3bcaaa97b7912b3aeae5aec78558c9bd4da58a41035c095	124928383	GFF3	55926		0	0	0	0	54	"{""Chr01"":58551231,""Chr02"":56256591,""Chr03"":48933610,""Chr04"":52934971,""Chr05"":44621975,""Chr06"":52218496,""Chr07"":47557383,""Chr08"":49431820,""Chr09"":48824279,""Chr10"":53407326,""Chr11"":41182103,""Chr12"":42713244,""Chr13"":47195443,""Chr14"":51413015,""Chr15"":54947886,""Chr16"":38434678,""Chr17"":43033050,""Chr18"":60422353,""Chr19"":52030165,""Chr20"":50407105,""HiC_scaffold_1"":1093085,""HiC_scaffold_15"":595382,""HiC_scaffold_18"":212256,""HiC_scaffold_25"":27840,""HiC_scaffold_27"":852678,""HiC_scaffold_3"":315823,""HiC_scaffold_30"":1018297,""HiC_scaffold_31"":23306,""HiC_scaffold_32"":39368,""HiC_scaffold_33"":36362,""HiC_scaffold_34"":20309,""HiC_scaffold_35"":27677,""HiC_scaffold_36"":9078,""HiC_scaffold_37"":23084,""HiC_scaffold_39"":20798,""HiC_scaffold_40"":10927,""HiC_scaffold_42"":28372,""HiC_scaffold_43"":9975,""HiC_scaffold_45"":17083,""HiC_scaffold_46"":25960,""HiC_scaffold_47"":18330,""HiC_scaffold_48"":17806,""HiC_scaffold_49"":21602,""HiC_scaffold_50"":8427,""HiC_scaffold_51"":20102,""HiC_scaffold_53"":7221,""HiC_scaffold_54"":17643,""HiC_scaffold_55"":18247,""HiC_scaffold_56"":8880,""HiC_scaffold_58"":7438,""HiC_scaffold_64"":10221,""HiC_scaffold_65"":20192,""HiC_scaffold_66"":7911,""HiC_scaffold_7"":1232017}"	84275	55926	84275	51722e652cb20ebc36a81f4135b9c9f04403bc3a4c90a9b96d11d176b49a4ee3	PASS
0165f825df40f696	soyod/Hei_He_43/gff/Hei_He_43.annotation.zip	Hei_He_43.annotation.gff	Hei_He_43	10274110	1706623035000000000	c4c1c7013902c684af3e1a857bc550a3e687fcbbd57d725ca18a372bbdb1d145	118073414	39c894ca	16d3df40c0fb0fb5	442870	0	plain	0	0	False	487892	1237788	"{""CDS"":442870,""exon"":487892,""five_prime_UTR"":88300,""gene"":57976,""mRNA"":84236,""three_prime_UTR"":76514}"	9d247016d52e19c66e28e8e396c29a54f9f95cc22f56b3762e8e7f10b56e3f2b	118073414	GFF3	57976		0	0	0	0	58	"{""Chr01"":59032965,""Chr02"":53171655,""Chr03"":49014161,""Chr04"":53213596,""Chr05"":44068694,""Chr06"":52700229,""Chr07"":46225321,""Chr08"":50034029,""Chr09"":50845868,""Chr10"":53109581,""Chr11"":40789258,""Chr12"":42588098,""Chr13"":47380229,""Chr14"":51799166,""Chr15"":53412467,""Chr16"":38035978,""Chr17"":42216485,""Chr18"":60555409,""Chr19"":51932191,""Chr20"":51080659,""HiC_scaffold_1"":1190413,""HiC_scaffold_10"":308777,""HiC_scaffold_12"":68759,""HiC_scaffold_18"":251348,""HiC_scaffold_2"":265656,""HiC_scaffold_21"":1191762,""HiC_scaffold_23"":34967,""HiC_scaffold_25"":45907,""HiC_scaffold_27"":397476,""HiC_scaffold_29"":389544,""HiC_scaffold_31"":1105954,""HiC_scaffold_33"":22894,""HiC_scaffold_35"":18372,""HiC_scaffold_39"":20763,""HiC_scaffold_4"":955512,""HiC_scaffold_41"":84770,""HiC_scaffold_43"":2676006,""HiC_scaffold_44"":32591,""HiC_scaffold_45"":42172,""HiC_scaffold_46"":37184,""HiC_scaffold_47"":42658,""HiC_scaffold_48"":5836,""HiC_scaffold_49"":43259,""HiC_scaffold_50"":41825,""HiC_scaffold_51"":26437,""HiC_scaffold_52"":21012,""HiC_scaffold_53"":9997,""HiC_scaffold_54"":31902,""HiC_scaffold_56"":24965,""HiC_scaffold_57"":10420,""HiC_scaffold_58"":20848,""HiC_scaffold_59"":15451,""HiC_scaffold_6"":15382,""HiC_scaffold_61"":13908,""HiC_scaffold_66"":24361,""HiC_scaffold_70"":19586,""HiC_scaffold_8"":26271,""HiC_scaffold_80"":4911}"	84236	57976	84236	51722e652cb20ebc36a81f4135b9c9f04403bc3a4c90a9b96d11d176b49a4ee3	PASS
1a9f5e4727b67615	soyod/Ji_Dou_17/gff/Ji_Dou_17.annotation.zip	Ji_Dou_17.annotation.gff	Ji_Dou_17	10844404	1706623088000000000	72ce124eaef19f9d2e227284c81466a65df0c6a76039f49ab1d62f49f06d77ef	126591282	e08522a2	171366e08dc02b7b	486176	0	plain	0	0	False	530428	1325515	"{""CDS"":486176,""exon"":530428,""five_prime_UTR"":89455,""gene"":56750,""mRNA"":85239,""three_prime_UTR"":77467}"	bc9ca69c6b7b83874d147491ec5d82f0e1617ab8e122152824a0b6bfa7b84fa3	126591282	GFF3	56750		0	0	0	0	57	"{""Chr01"":59598610,""Chr02"":52233685,""Chr03"":47514962,""Chr04"":53217009,""Chr05"":44723031,""Chr06"":52308089,""Chr07"":46910627,""Chr08"":49478374,""Chr09"":51367412,""Chr10"":54388502,""Chr11"":40814201,""Chr12"":42821283,""Chr13"":46837366,""Chr14"":52895030,""Chr15"":56806616,""Chr16"":41336228,""Chr17"":41986413,""Chr18"":63677063,""Chr19"":51741489,""Chr20"":48749866,""HiC_scaffold_1"":11262239,""HiC_scaffold_10"":496161,""HiC_scaffold_12"":336645,""HiC_scaffold_14"":993493,""HiC_scaffold_20"":100711,""HiC_scaffold_22"":426231,""HiC_scaffold_3"":791573,""HiC_scaffold_31"":6528998,""HiC_scaffold_32"":60593,""HiC_scaffold_33"":44215,""HiC_scaffold_34"":63045,""HiC_scaffold_35"":52252,""HiC_scaffold_36"":49403,""HiC_scaffold_37"":25066,""HiC_scaffold_38"":5288,""HiC_scaffold_39"":34009,""HiC_scaffold_40"":39844,""HiC_scaffold_41"":35117,""HiC_scaffold_42"":33810,""HiC_scaffold_44"":1299,""HiC_scaffold_45"":30545,""HiC_scaffold_46"":23807,""HiC_scaffold_47"":13562,""HiC_scaffold_48"":26686,""HiC_scaffold_49"":12588,""HiC_scaffold_51"":15208,""HiC_scaffold_54"":10049,""HiC_scaffold_6"":80701,""HiC_scaffold_62"":22516,""HiC_scaffold_63"":51683,""HiC_scaffold_66"":55352,""HiC_scaffold_68"":11769,""HiC_scaffold_69"":57499,""HiC_scaffold_72"":15977,""HiC_scaffold_73"":8227,""HiC_scaffold_74"":23702,""HiC_scaffold_8"":850406}"	85239	56750	85239	51722e652cb20ebc36a81f4135b9c9f04403bc3a4c90a9b96d11d176b49a4ee3	PASS
598fccdd2491defe	soyod/Jin_Dou_23/gff/Jin_Dou_23.annotation.zip	Jin_Dou_23.annotation.gff	Jin_Dou_23	9924011	1780801628000000000	4821800b70275cef5f7cd0a55dc182541b7d2d0dfcb04198d4c84a5b7b15b656	113636990	f02fc651	.	432214	0	plain	0	0	False	474429	1191358	"{""CDS"":432214,""exon"":474429,""five_prime_UTR"":80478,""gene"":54792,""mRNA"":78364,""three_prime_UTR"":71081}"	fba46943cae887033b63223353c8e76737c4512302799edf2c98b0e7eb624d3b	113636990	GFF3	54792		0	0	0	0	41	"{""Chr01"":59171527,""Chr02"":53864937,""Chr03"":50787317,""Chr04"":52554719,""Chr05"":44409816,""Chr06"":52545412,""Chr07"":47376691,""Chr08"":50038176,""Chr09"":51237813,""Chr10"":54593905,""Chr11"":41397072,""Chr12"":43124147,""Chr13"":46737330,""Chr14"":52091150,""Chr15"":54136095,""Chr16"":38460912,""Chr17"":43202357,""Chr18"":61594935,""Chr19"":52343127,""Chr20"":50844173,""HiC_scaffold_1"":257905,""HiC_scaffold_15"":55653,""HiC_scaffold_2"":562970,""HiC_scaffold_23"":1275799,""HiC_scaffold_26"":36643,""HiC_scaffold_28"":18032,""HiC_scaffold_31"":174131,""HiC_scaffold_39"":195680,""HiC_scaffold_41"":425686,""HiC_scaffold_42"":41377,""HiC_scaffold_44"":29378,""HiC_scaffold_45"":29874,""HiC_scaffold_46"":15503,""HiC_scaffold_47"":34590,""HiC_scaffold_48"":32405,""HiC_scaffold_49"":11015,""HiC_scaffold_5"":375835,""HiC_scaffold_50"":30341,""HiC_scaffold_52"":23870,""HiC_scaffold_53"":19120,""HiC_scaffold_55"":18498}"	78364	54792	78364	51722e652cb20ebc36a81f4135b9c9f04403bc3a4c90a9b96d11d176b49a4ee3	PASS
82ecaeb2a9837089	soyod/Ju_Xuan23/gff/Ju_Xuan23.annotation.zip	Ju_Xuan23.annotation.gff	Ju_Xuan23	10315818	1780801854000000000	7b8b486d0ad3d32ac20f3983eee9115b3427b2c8f369ae441baac42c0c7484eb	118839858	d15c2416	b10bfad5ec69417b	449174	0	plain	0	0	False	492606	1245802	"{""CDS"":449174,""exon"":492606,""five_prime_UTR"":86366,""gene"":57792,""mRNA"":84078,""three_prime_UTR"":75786}"	d7dec4244e3e6af20bd8103f2cbf297a79ce31fcbe687de8a5aa7feec3deb6e6	118839858	GFF3	57792		0	0	0	0	26	"{""Chr01"":58890996,""Chr02"":53450391,""Chr03"":48831251,""Chr04"":54860362,""Chr05"":44267142,""Chr06"":51656412,""Chr07"":46907628,""Chr08"":48861159,""Chr09"":51488222,""Chr10"":53960046,""Chr11"":41239056,""Chr12"":43477518,""Chr13"":47014851,""Chr14"":51837335,""Chr15"":54501930,""Chr16"":38357254,""Chr17"":42751000,""Chr18"":59275154,""Chr19"":50986519,""Chr20"":51253316,""HiC_scaffold_1"":1338225,""HiC_scaffold_14"":2473965,""HiC_scaffold_18"":200631,""HiC_scaffold_26"":1914817,""HiC_scaffold_33"":35644,""HiC_scaffold_7"":579377}"	84078	57792	84078	51722e652cb20ebc36a81f4135b9c9f04403bc3a4c90a9b96d11d176b49a4ee3	PASS
ffa337ed63029cb4	soyod/Ke_Shan_1/gff/Ke_Shan_1.annotation.zip	Ke_Shan_1.annotation.gff	Ke_Shan_1	10040996	1780801914000000000	7afb954c29b3685cbc1974cfb71b7553e3898ebe00bcd0dca365efb0960b7bc5	115280043	ac3cd923	c8052754918595fe	440308	0	plain	0	0	False	481986	1208461	"{""CDS"":440308,""exon"":481986,""five_prime_UTR"":80368,""gene"":55267,""mRNA"":79125,""three_prime_UTR"":71407}"	c02b2f120bb62ca198471725d5950f81985787b4c7ab7549bad45a5073ce909f	115280043	GFF3	55267		0	0	0	0	51	"{""Chr01"":59153849,""Chr02"":53528402,""Chr03"":47557936,""Chr04"":52558343,""Chr05"":43803712,""Chr06"":52491532,""Chr07"":45730740,""Chr08"":49728184,""Chr09"":51618398,""Chr10"":53107832,""Chr11"":40633683,""Chr12"":42671678,""Chr13"":46822861,""Chr14"":51893785,""Chr15"":53608453,""Chr16"":37995910,""Chr17"":42286520,""Chr18"":59708082,""Chr19"":52168212,""Chr20"":51100939,""HiC_scaffold_1"":119655,""HiC_scaffold_10"":396401,""HiC_scaffold_12"":118269,""HiC_scaffold_14"":2221574,""HiC_scaffold_16"":88614,""HiC_scaffold_18"":96633,""HiC_scaffold_19"":196365,""HiC_scaffold_24"":2287379,""HiC_scaffold_28"":189452,""HiC_scaffold_3"":56842,""HiC_scaffold_32"":805887,""HiC_scaffold_38"":858486,""HiC_scaffold_40"":1097678,""HiC_scaffold_42"":1130151,""HiC_scaffold_43"":58691,""HiC_scaffold_45"":35174,""HiC_scaffold_46"":5265,""HiC_scaffold_47"":31128,""HiC_scaffold_48"":37499,""HiC_scaffold_49"":25485,""HiC_scaffold_5"":1909365,""HiC_scaffold_50"":21910,""HiC_scaffold_51"":21237,""HiC_scaffold_52"":34896,""HiC_scaffold_53"":36822,""HiC_scaffold_54"":14352,""HiC_scaffold_55"":25223,""HiC_scaffold_56"":19731,""HiC_scaffold_57"":20850,""HiC_scaffold_58"":18114,""HiC_scaffold_7"":2162906}"	79125	55267	79125	51722e652cb20ebc36a81f4135b9c9f04403bc3a4c90a9b96d11d176b49a4ee3	PASS
a416c0cfca0d2b23	soyod/PI398296/gff/PI398296.annotation.zip	PI398296.annotation.gff	PI398296	10275874	1780801970000000000	096217e9f3916706a2ff15b87c46b95d235383981b64447f7739988825010101	118298905	d43389e8	2699509d2e883bb2	450785	0	plain	0	0	False	493913	1238924	"{""CDS"":450785,""exon"":493913,""five_prime_UTR"":83765,""gene"":56086,""mRNA"":81104,""three_prime_UTR"":73271}"	1024f8b687224fa30daa9d12b34e0f523422ac8b41a0c8bbb25c8b7d8ab70409	118298905	GFF3	56086		0	0	0	0	83	"{""Chr01"":58767241,""Chr02"":54973723,""Chr03"":49161490,""Chr04"":52850799,""Chr05"":44772511,""Chr06"":52863816,""Chr07"":47085862,""Chr08"":49934081,""Chr09"":49509737,""Chr10"":54329203,""Chr11"":41477992,""Chr12"":43335039,""Chr13"":46311393,""Chr14"":52338394,""Chr15"":53045472,""Chr16"":37350869,""Chr17"":42703543,""Chr18"":60154837,""Chr19"":51497155,""Chr20"":51170761,""HiC_scaffold_1"":1506149,""HiC_scaffold_100"":15608,""HiC_scaffold_105"":87620,""HiC_scaffold_106"":45796,""HiC_scaffold_13"":1204339,""HiC_scaffold_14"":1502825,""HiC_scaffold_16"":390355,""HiC_scaffold_17"":794477,""HiC_scaffold_19"":89348,""HiC_scaffold_21"":14870,""HiC_scaffold_23"":1606863,""HiC_scaffold_24"":510626,""HiC_scaffold_27"":2302296,""HiC_scaffold_29"":382592,""HiC_scaffold_31"":640717,""HiC_scaffold_33"":2238345,""HiC_scaffold_35"":1415715,""HiC_scaffold_38"":498855,""HiC_scaffold_39"":4439298,""HiC_scaffold_41"":8424837,""HiC_scaffold_42"":10759928,""HiC_scaffold_43"":1831218,""HiC_scaffold_44"":654808,""HiC_scaffold_45"":6408073,""HiC_scaffold_46"":1002331,""HiC_scaffold_47"":284897,""HiC_scaffold_49"":214037,""HiC_scaffold_50"":1852847,""HiC_scaffold_51"":3276880,""HiC_scaffold_52"":2608869,""HiC_scaffold_53"":106592,""HiC_scaffold_54"":58283,""HiC_scaffold_55"":21397,""HiC_scaffold_56"":27141,""HiC_scaffold_57"":19651,""HiC_scaffold_58"":34668,""HiC_scaffold_59"":32956,""HiC_scaffold_60"":6476,""HiC_scaffold_61"":18545,""HiC_scaffold_62"":26803,""HiC_scaffold_63"":30319,""HiC_scaffold_64"":29759,""HiC_scaffold_65"":27825,""HiC_scaffold_66"":12264,""HiC_scaffold_68"":11478,""HiC_scaffold_69"":5661,""HiC_scaffold_74"":18190,""HiC_scaffold_77"":20179,""HiC_scaffold_78"":31965,""HiC_scaffold_8"":145063,""HiC_scaffold_80"":39040,""HiC_scaffold_82"":30790,""HiC_scaffold_83"":48038,""HiC_scaffold_84"":29201,""HiC_scaffold_85"":11116,""HiC_scaffold_87"":39465,""HiC_scaffold_9"":1074414,""HiC_scaffold_90"":25058,""HiC_scaffold_91"":34289,""HiC_scaffold_93"":15001,""HiC_scaffold_95"":22795,""HiC_scaffold_97"":16657,""HiC_scaffold_99"":22787}"	81104	56086	81104	51722e652cb20ebc36a81f4135b9c9f04403bc3a4c90a9b96d11d176b49a4ee3	PASS
564b7be60773bd96	soyod/PI483463/gff/PI483463.annotation.zip	PI_483463.annotation.gff	PI483463	10755988	1780802041000000000	3fc757d8d62d0d7912b2723b4f4ae472204fffe9d572e952e18bcd9c63139466	143237349	2c72e979	66bd9b9a0ae1df14	362767	0	plain	0	0	False	392422	998708	"{""CDS"":362767,""Feature"":1,""exon"":392422,""five_prime_UTR"":71070,""gene"":46871,""mRNA"":61989,""three_prime_UTR"":63588}"	808f3161268d31eeaa07525b0c556568e842447f783ab445f9bbfadd88c72d7e	143237349	GFF3	46871		1	1	1	0	20	"{""chr1"":57885059,""chr10"":52579075,""chr11"":39187674,""chr12"":41643104,""chr13"":45674676,""chr14"":50356129,""chr15"":52477986,""chr16"":37984840,""chr17"":42207161,""chr18"":57514040,""chr19"":50213389,""chr2"":51279773,""chr20"":48816769,""chr3"":47407733,""chr4"":52688819,""chr5"":42075526,""chr6"":50866482,""chr7"":44792568,""chr8"":48333400,""chr9"":47980799}"	61989	46871	61989	51722e652cb20ebc36a81f4135b9c9f04403bc3a4c90a9b96d11d176b49a4ee3	PASS
119e4965e0483f09	soyod/PI548362/gff/PI548362.annotation.zip	PI548362.annotation.gff	PI548362	10835535	1780802104000000000	1ad229f1eacb0bbecff9072592e02d9630159adda6fc5e623c29392af5f93a46	126687205	94b787b3	1be01f5f92a0f04c	485464	0	plain	0	0	False	530194	1326263	"{""CDS"":485464,""exon"":530194,""five_prime_UTR"":90644,""gene"":56011,""mRNA"":85236,""three_prime_UTR"":78714}"	c2184b3edfdc82481b0c99ed54443e898dcde09ca2f75d63d53c48f822900251	126687205	GFF3	56011		0	0	0	0	46	"{""Chr01"":59433997,""Chr02"":51486252,""Chr03"":48254088,""Chr04"":52762883,""Chr05"":44930951,""Chr06"":52489637,""Chr07"":47675169,""Chr08"":48630705,""Chr09"":50061715,""Chr10"":54899734,""Chr11"":41309424,""Chr12"":43147364,""Chr13"":46320425,""Chr14"":52991535,""Chr15"":54864497,""Chr16"":39581138,""Chr17"":42766197,""Chr18"":60329938,""Chr19"":51722427,""Chr20"":50996213,""HiC_scaffold_1"":1436252,""HiC_scaffold_15"":474852,""HiC_scaffold_25"":1784229,""HiC_scaffold_26"":176332,""HiC_scaffold_27"":30613,""HiC_scaffold_28"":36731,""HiC_scaffold_29"":46822,""HiC_scaffold_30"":44012,""HiC_scaffold_31"":43663,""HiC_scaffold_32"":27769,""HiC_scaffold_33"":36027,""HiC_scaffold_34"":25845,""HiC_scaffold_35"":24910,""HiC_scaffold_36"":29742,""HiC_scaffold_38"":16937,""HiC_scaffold_39"":25315,""HiC_scaffold_40"":18813,""HiC_scaffold_41"":10306,""HiC_scaffold_42"":13958,""HiC_scaffold_44"":16486,""HiC_scaffold_46"":20991,""HiC_scaffold_47"":21294,""HiC_scaffold_49"":17829,""HiC_scaffold_51"":14905,""HiC_scaffold_52"":17891,""HiC_scaffold_53"":74031}"	85236	56011	85236	51722e652cb20ebc36a81f4135b9c9f04403bc3a4c90a9b96d11d176b49a4ee3	PASS
5be5c3176dfe54b5	soyod/PI549046/gff/PI549046.annotation.zip	PI549046.annotation.gff	PI549046	10510448	1780802159000000000	a1dd41d6e2d0bd95ee997a1ede3a1f6cd7ea5dec871e31114d7c798ef433175f	122204204	4428651f	0700c0718eb788f3	469569	0	plain	0	0	False	510940	1279830	"{""CDS"":469569,""exon"":510940,""five_prime_UTR"":86713,""gene"":55516,""mRNA"":82511,""three_prime_UTR"":74581}"	e6172ba1555ec6491451143c67be289cf0eb0766de20468f61674521dc6c4fd9	122204204	GFF3	55516		0	0	0	0	70	"{""Chr01"":59457563,""Chr02"":52466849,""Chr03"":46814280,""Chr04"":52351401,""Chr05"":41921973,""Chr06"":51570739,""Chr07"":45624650,""Chr08"":48642277,""Chr09"":50217908,""Chr10"":52766671,""Chr11"":54715433,""Chr12"":42916481,""Chr13"":31863325,""Chr14"":52642219,""Chr15"":54037030,""Chr16"":38202267,""Chr17"":42779894,""Chr18"":60856914,""Chr19"":51947621,""Chr20"":51873693,""HiC_scaffold_1"":2816951,""HiC_scaffold_103"":15055,""HiC_scaffold_111"":25206,""HiC_scaffold_14"":270123,""HiC_scaffold_16"":2650849,""HiC_scaffold_18"":1139244,""HiC_scaffold_21"":1079475,""HiC_scaffold_23"":360985,""HiC_scaffold_3"":207622,""HiC_scaffold_33"":272100,""HiC_scaffold_37"":172515,""HiC_scaffold_39"":2751008,""HiC_scaffold_40"":24793,""HiC_scaffold_41"":35117,""HiC_scaffold_42"":37788,""HiC_scaffold_43"":36841,""HiC_scaffold_44"":24470,""HiC_scaffold_45"":16089,""HiC_scaffold_46"":28852,""HiC_scaffold_47"":27474,""HiC_scaffold_48"":26362,""HiC_scaffold_49"":24380,""HiC_scaffold_5"":204236,""HiC_scaffold_50"":11237,""HiC_scaffold_51"":18266,""HiC_scaffold_52"":25193,""HiC_scaffold_53"":20522,""HiC_scaffold_54"":14267,""HiC_scaffold_55"":24492,""HiC_scaffold_56"":5988,""HiC_scaffold_57"":7488,""HiC_scaffold_58"":8298,""HiC_scaffold_59"":17263,""HiC_scaffold_60"":15317,""HiC_scaffold_61"":21496,""HiC_scaffold_62"":14263,""HiC_scaffold_63"":10118,""HiC_scaffold_66"":16856,""HiC_scaffold_67"":13050,""HiC_scaffold_7"":2465118,""HiC_scaffold_70"":3546,""HiC_scaffold_77"":24856,""HiC_scaffold_80"":17573,""HiC_scaffold_83"":20871,""HiC_scaffold_87"":21297,""HiC_scaffold_9"":779604,""HiC_scaffold_90"":32557,""HiC_scaffold_91"":14347,""HiC_scaffold_94"":20632,""HiC_scaffold_97"":33076}"	82511	55516	82511	51722e652cb20ebc36a81f4135b9c9f04403bc3a4c90a9b96d11d176b49a4ee3	PASS
6a243f8552b4908c	soyod/PI562565/gff/PI562565.annotation.zip	PI562565.annotation.gff	PI562565	10610081	1780802242000000000	c486c0d858d3cdc6300d0045cb6246bb2f253fd03f265bfdcd1da52e56d97d9f	123275829	d7aa3cf5	7637736cfaabf83f	468881	0	plain	0	0	False	511550	1291763	"{""CDS"":468881,""exon"":511550,""five_prime_UTR"":89313,""gene"":57920,""mRNA"":86347,""three_prime_UTR"":77752}"	1926429ca481dad764f5595cb483ef49040f9dc25602091a1662f4b11a330729	123275829	GFF3	57920		0	0	0	0	40	"{""Chr01"":59403062,""Chr02"":56867229,""Chr03"":48260344,""Chr04"":53996216,""Chr05"":45410357,""Chr06"":54297772,""Chr07"":46026322,""Chr08"":50207535,""Chr09"":53102567,""Chr10"":54168005,""Chr11"":41454557,""Chr12"":42533995,""Chr13"":47564500,""Chr14"":52231846,""Chr15"":54142283,""Chr16"":40501135,""Chr17"":43415384,""Chr18"":63830381,""Chr19"":50937575,""Chr20"":52112741,""HiC_scaffold_21"":4539339,""HiC_scaffold_22"":41389,""HiC_scaffold_23"":33027,""HiC_scaffold_24"":45170,""HiC_scaffold_25"":40574,""HiC_scaffold_26"":28697,""HiC_scaffold_27"":21037,""HiC_scaffold_28"":37531,""HiC_scaffold_29"":37824,""HiC_scaffold_30"":18182,""HiC_scaffold_32"":24770,""HiC_scaffold_33"":30221,""HiC_scaffold_34"":22141,""HiC_scaffold_35"":22786,""HiC_scaffold_36"":8161,""HiC_scaffold_38"":19443,""HiC_scaffold_46"":14390,""HiC_scaffold_50"":1034427,""HiC_scaffold_51"":15094,""HiC_scaffold_52"":29999}"	86347	57920	86347	51722e652cb20ebc36a81f4135b9c9f04403bc3a4c90a9b96d11d176b49a4ee3	PASS
6eb69aae9c51b6a5	soyod/PI578357/gff/PI578357.annotation.zip	PI578357.annotation.gff	PI578357	10249646	1780802313000000000	77effaa2acac1ca82f35ca0f6c990461288ff03ebba3d2045996b90d9e11a2fb	117842308	ad22e74c	9c9f3af5ad23d8c6	443913	0	plain	0	0	False	488395	1235626	"{""CDS"":443913,""exon"":488395,""five_prime_UTR"":85781,""gene"":57884,""mRNA"":84033,""three_prime_UTR"":75620}"	29910c6e446075c92a8231c5481ba2729f60f034e191c5754669282c92bd696c	117842308	GFF3	57884		0	0	0	0	50	"{""Chr01"":59368821,""Chr02"":54721424,""Chr03"":49060708,""Chr04"":53051064,""Chr05"":46003275,""Chr06"":52738778,""Chr07"":48278232,""Chr08"":51218282,""Chr09"":50867802,""Chr10"":55346798,""Chr11"":41884441,""Chr12"":44230933,""Chr13"":46752318,""Chr14"":52939332,""Chr15"":52955611,""Chr16"":39724255,""Chr17"":42385925,""Chr18"":61306115,""Chr19"":52403235,""Chr20"":52298262,""HiC_scaffold_1"":2689207,""HiC_scaffold_12"":1267219,""HiC_scaffold_24"":17613,""HiC_scaffold_25"":32413,""HiC_scaffold_28"":34494,""HiC_scaffold_29"":32578,""HiC_scaffold_30"":27988,""HiC_scaffold_31"":37342,""HiC_scaffold_32"":33324,""HiC_scaffold_34"":18300,""HiC_scaffold_35"":28326,""HiC_scaffold_36"":34050,""HiC_scaffold_37"":28917,""HiC_scaffold_38"":27660,""HiC_scaffold_39"":32512,""HiC_scaffold_40"":10403,""HiC_scaffold_42"":27625,""HiC_scaffold_43"":26105,""HiC_scaffold_44"":20981,""HiC_scaffold_45"":11118,""HiC_scaffold_46"":22630,""HiC_scaffold_47"":22774,""HiC_scaffold_48"":16199,""HiC_scaffold_49"":22742,""HiC_scaffold_52"":21927,""HiC_scaffold_54"":5977,""HiC_scaffold_57"":12219,""HiC_scaffold_58"":22926,""HiC_scaffold_70"":41442,""HiC_scaffold_74"":5673}"	84033	57884	84033	51722e652cb20ebc36a81f4135b9c9f04403bc3a4c90a9b96d11d176b49a4ee3	PASS
ec8358f523e5ea50	soyod/Qi_Huang_34/gff/Qi_Huang_34.annotation.zip	Qi_Huang_34.annotation.gff	Qi_Huang_34	9821974	1780802375000000000	bedcf03ce4aad7af402979da83c44b17d9c6fc4084b11eaa196ef5b5eb9a039c	112069934	95f4343c	d23af3808fe5a8a7	426472	0	plain	0	0	False	468158	1175464	"{""CDS"":426472,""exon"":468158,""five_prime_UTR"":79219,""gene"":54747,""mRNA"":77311,""three_prime_UTR"":69557}"	3c7763b1e9bd4879bad2a23723a21b6b4815d21180f4f27c836cc459cfa95a51	112069934	GFF3	54747		0	0	0	0	32	"{""Chr01"":58518898,""Chr02"":52502280,""Chr03"":48372171,""Chr04"":52998155,""Chr05"":44241426,""Chr06"":51873644,""Chr07"":46100222,""Chr08"":49023656,""Chr09"":50527236,""Chr10"":53606885,""Chr11"":41279368,""Chr12"":42758253,""Chr13"":47087139,""Chr14"":50847387,""Chr15"":53465840,""Chr16"":39653271,""Chr17"":42796030,""Chr18"":60186695,""Chr19"":52682545,""Chr20"":51267857,""HiC_scaffold_1"":1395440,""HiC_scaffold_12"":108804,""HiC_scaffold_19"":33480,""HiC_scaffold_3"":839690,""HiC_scaffold_32"":695056,""HiC_scaffold_33"":69264,""HiC_scaffold_34"":38199,""HiC_scaffold_35"":37447,""HiC_scaffold_36"":28969,""HiC_scaffold_37"":35752,""HiC_scaffold_5"":806382,""HiC_scaffold_9"":131589}"	77311	54747	77311	51722e652cb20ebc36a81f4135b9c9f04403bc3a4c90a9b96d11d176b49a4ee3	PASS
f7c154ccf7957bfe	soyod/Shi_Sheng_Chang_Ye/gff/Shi_Sheng_Chang_Ye.annotation.zip	Shi_Sheng_Chang_Ye.annotation.gff	Shi_Sheng_Chang_Ye	10818165	1780802432000000000	b9cf904e48bf069b8eb37515be0fa64383613c7717691ccb2de22787d7f2d854	125517405	a1fda9b4	caa7d41de3b3aad2	476024	0	plain	0	0	False	520616	1314635	"{""CDS"":476024,""exon"":520616,""five_prime_UTR"":91116,""gene"":59588,""mRNA"":88175,""three_prime_UTR"":79116}"	e704b0ca3b991d42fdae1ce4a89f552d8866ac45b5a9a61e48317edad37300c5	125517405	GFF3	59588		0	0	0	0	64	"{""Chr01"":59630449,""Chr02"":52775105,""Chr03"":49135786,""Chr04"":53222322,""Chr05"":45048543,""Chr06"":53141878,""Chr07"":47077002,""Chr08"":49483506,""Chr09"":50550670,""Chr10"":54331236,""Chr11"":41100799,""Chr12"":43366668,""Chr13"":47218701,""Chr14"":52816442,""Chr15"":52578609,""Chr16"":38898057,""Chr17"":42625722,""Chr18"":61478310,""Chr19"":51304504,""Chr20"":51046735,""HiC_scaffold_1"":3910611,""HiC_scaffold_12"":684334,""HiC_scaffold_15"":2943678,""HiC_scaffold_17"":149762,""HiC_scaffold_2"":430822,""HiC_scaffold_23"":244656,""HiC_scaffold_25"":60787,""HiC_scaffold_26"":658834,""HiC_scaffold_27"":329482,""HiC_scaffold_29"":69972,""HiC_scaffold_3"":503063,""HiC_scaffold_30"":1764378,""HiC_scaffold_33"":105598,""HiC_scaffold_38"":305404,""HiC_scaffold_40"":1297933,""HiC_scaffold_41"":3309105,""HiC_scaffold_43"":54150,""HiC_scaffold_45"":623471,""HiC_scaffold_47"":1126449,""HiC_scaffold_48"":3773599,""HiC_scaffold_49"":28328,""HiC_scaffold_50"":27746,""HiC_scaffold_51"":24398,""HiC_scaffold_52"":26157,""HiC_scaffold_53"":29775,""HiC_scaffold_56"":12517,""HiC_scaffold_57"":14114,""HiC_scaffold_58"":18970,""HiC_scaffold_59"":17027,""HiC_scaffold_6"":4584967,""HiC_scaffold_60"":19349,""HiC_scaffold_63"":16386,""HiC_scaffold_65"":28975,""HiC_scaffold_66"":36531,""HiC_scaffold_67"":38808,""HiC_scaffold_68"":20225,""HiC_scaffold_69"":27657,""HiC_scaffold_70"":30464,""HiC_scaffold_71"":26926,""HiC_scaffold_72"":16798,""HiC_scaffold_73"":22961,""HiC_scaffold_75"":13431,""HiC_scaffold_78"":13059,""HiC_scaffold_8"":1286095}"	88175	59588	88175	51722e652cb20ebc36a81f4135b9c9f04403bc3a4c90a9b96d11d176b49a4ee3	PASS
2c6cfb10bd57f49f	soyod/Tian_Long_1/gff/Tian_Long_1.annotation.zip	Tian_Long_1.annotation.gff	Tian_Long_1	6746537	1780802464000000000	22d1978d7d3800b583330742fe6bcdddd81970f3596a88ce9bae254732765cc0	74093144	3060e5a8	.	261791	0	plain	0	0	False	278312	716937	"{""CDS"":261791,""Feature"":1,""exon"":278312,""five_prime_UTR"":47378,""gene"":40458,""mRNA"":48244,""three_prime_UTR"":40753}"	3651d4fd28632c95c93cd05ea3c5a25152755c8967b61e31546474a858080c87	74093144	GFF3	40458		1	1	1	0	20	"{""chr1"":59271546,""chr10"":54850788,""chr11"":41555699,""chr12"":43328878,""chr13"":46540938,""chr14"":52804632,""chr15"":54706524,""chr16"":40732289,""chr17"":43637440,""chr18"":59994880,""chr19"":51951170,""chr2"":53022932,""chr20"":50910600,""chr3"":49611326,""chr4"":53150088,""chr5"":44474648,""chr6"":52978546,""chr7"":47411840,""chr8"":49724387,""chr9"":51235791}"	48244	40458	48244	51722e652cb20ebc36a81f4135b9c9f04403bc3a4c90a9b96d11d176b49a4ee3	PASS
d0764d23a8a56311	soyod/Tie_Feng_18/gff/Tie_Feng_18.annotation.zip	Tie_Feng_18.annotation.gff	Tie_Feng_18	10180068	1780802511000000000	04bf24548a773a1238aea7216fbb018a3e2d83d7231807a8e51e962498cb4dfa	117237701	672d792a	728a9ec44b58cf13	446279	0	plain	0	0	False	489610	1228462	"{""CDS"":446279,""exon"":489610,""five_prime_UTR"":83903,""gene"":55191,""mRNA"":80181,""three_prime_UTR"":73298}"	d711df1728bb8192eb6d0fa0b788d84787d1924f13f4b45384149293164f0223	117237701	GFF3	55191		0	0	0	0	39	"{""Chr01"":58887175,""Chr02"":54208752,""Chr03"":48668655,""Chr04"":52326834,""Chr05"":44272008,""Chr06"":51181418,""Chr07"":47563914,""Chr08"":50299929,""Chr09"":51405850,""Chr10"":54339276,""Chr11"":41265878,""Chr12"":43705281,""Chr13"":46472038,""Chr14"":52258249,""Chr15"":54929733,""Chr16"":38701648,""Chr17"":42557047,""Chr18"":60753560,""Chr19"":52128924,""Chr20"":50939753,""HiC_scaffold_1"":388681,""HiC_scaffold_22"":130736,""HiC_scaffold_29"":16812,""HiC_scaffold_3"":89912,""HiC_scaffold_34"":534087,""HiC_scaffold_36"":1044892,""HiC_scaffold_38"":2927201,""HiC_scaffold_39"":31550,""HiC_scaffold_4"":47192,""HiC_scaffold_40"":34644,""HiC_scaffold_41"":36286,""HiC_scaffold_42"":39276,""HiC_scaffold_43"":38225,""HiC_scaffold_44"":36458,""HiC_scaffold_45"":35102,""HiC_scaffold_46"":30042,""HiC_scaffold_47"":15045,""HiC_scaffold_49"":37243,""HiC_scaffold_5"":694976}"	80181	55191	80181	51722e652cb20ebc36a81f4135b9c9f04403bc3a4c90a9b96d11d176b49a4ee3	PASS
0d645653946afb67	soyod/Tie_Jia_Si_Li_Huang/gff/Tie_Jia_Si_Li_Huang.annotation.zip	Tie_Jia_Si_Li_Huang.annotation.gff	Tie_Jia_Si_Li_Huang	10717561	1780802571000000000	1e07530d1058d1f808465869f1a64cd90afa0eeccde915735c63406f7463bbc5	124427539	1cdeb8d8	27f698c88acc8914	469808	0	plain	0	0	False	515331	1303391	"{""CDS"":469808,""exon"":515331,""five_prime_UTR"":92687,""gene"":58496,""mRNA"":87324,""three_prime_UTR"":79745}"	c3310310dd3e3525d263cbce291a9bc62e8602f51549ffc6f5a8bf3c05d984cf	124427539	GFF3	58496		0	0	0	0	45	"{""Chr01"":59367578,""Chr02"":52330423,""Chr03"":48263948,""Chr04"":53288206,""Chr05"":44158967,""Chr06"":53227007,""Chr07"":46749827,""Chr08"":49342114,""Chr09"":51246862,""Chr10"":54698249,""Chr11"":41058646,""Chr12"":43342803,""Chr13"":46780804,""Chr14"":51855918,""Chr15"":53453227,""Chr16"":37618413,""Chr17"":42752447,""Chr18"":61660481,""Chr19"":50957836,""Chr20"":51100817,""HiC_scaffold_1"":472821,""HiC_scaffold_12"":151133,""HiC_scaffold_15"":1898498,""HiC_scaffold_20"":223578,""HiC_scaffold_29"":631261,""HiC_scaffold_30"":13938,""HiC_scaffold_31"":33537,""HiC_scaffold_32"":28171,""HiC_scaffold_33"":33108,""HiC_scaffold_35"":35335,""HiC_scaffold_36"":22347,""HiC_scaffold_37"":20810,""HiC_scaffold_38"":5887,""HiC_scaffold_39"":20447,""HiC_scaffold_40"":26025,""HiC_scaffold_41"":15499,""HiC_scaffold_42"":16024,""HiC_scaffold_43"":14877,""HiC_scaffold_44"":11423,""HiC_scaffold_45"":20559,""HiC_scaffold_46"":20995,""HiC_scaffold_47"":9214,""HiC_scaffold_48"":8272,""HiC_scaffold_49"":22352,""HiC_scaffold_50"":26657}"	87324	58496	87324	51722e652cb20ebc36a81f4135b9c9f04403bc3a4c90a9b96d11d176b49a4ee3	PASS
e65c39aaf35b847a	soyod/Tong_Shan_Tian_E_Dan/gff/Tong_Shan_Tian_E_Dan.annotation.zip	Tong_Shan_Tian_E_Dan.annotation.gff	Tong_Shan_Tian_E_Dan	10283968	1780802625000000000	42b2bba419242b29c2c56d4726db5900d459224f00310ceb61faca14cd95f085	118585935	de12d469	f5f06129ea549673	451964	0	plain	0	0	False	495504	1242251	"{""CDS"":451964,""exon"":495504,""five_prime_UTR"":84248,""gene"":55769,""mRNA"":81156,""three_prime_UTR"":73610}"	66d99990f21690c54eb40a1f727a435906eabec97914e8b3158830aace3ba586	118585935	GFF3	55769		0	0	0	0	41	"{""Chr01"":59449544,""Chr02"":54031801,""Chr03"":49562580,""Chr04"":52813167,""Chr05"":44653325,""Chr06"":53779455,""Chr07"":47016072,""Chr08"":50055917,""Chr09"":51324248,""Chr10"":54505458,""Chr11"":41425649,""Chr12"":43806397,""Chr13"":45994085,""Chr14"":51593214,""Chr15"":53126906,""Chr16"":39939005,""Chr17"":43416266,""Chr18"":60948377,""Chr19"":53239134,""Chr20"":51200237,""HiC_scaffold_1"":402440,""HiC_scaffold_11"":1035746,""HiC_scaffold_12"":305569,""HiC_scaffold_14"":20916,""HiC_scaffold_16"":499770,""HiC_scaffold_17"":1011099,""HiC_scaffold_19"":143967,""HiC_scaffold_2"":4565797,""HiC_scaffold_3"":3112510,""HiC_scaffold_30"":1872052,""HiC_scaffold_32"":2105514,""HiC_scaffold_33"":703722,""HiC_scaffold_35"":713516,""HiC_scaffold_36"":2115449,""HiC_scaffold_37"":8879591,""HiC_scaffold_38"":1559191,""HiC_scaffold_39"":174655,""HiC_scaffold_41"":1278022,""HiC_scaffold_5"":1986169,""HiC_scaffold_51"":22002,""HiC_scaffold_9"":725420}"	81156	55769	81156	51722e652cb20ebc36a81f4135b9c9f04403bc3a4c90a9b96d11d176b49a4ee3	PASS
d248e271fde7e814	soyod/Wan_Dou_28/gff/Wan_Dou_28.annotation.zip	Wan_Dou_28.annotation.gff	Wan_Dou_28	10142470	1780802736000000000	b0e921132d292a7bb01934a4f92a632fcc0093ab36eea41ef86cc468b3e8d4d1	116373706	66f2b539	e43bb976311a10d3	442999	0	plain	0	0	False	483448	1221368	"{""CDS"":442999,""exon"":483448,""five_prime_UTR"":81989,""gene"":57777,""mRNA"":83011,""three_prime_UTR"":72144}"	f274c4f7cb9f76d7e1cd5d6d7d73884ce12b65eea85766e5fbdab6bdee5b1b3b	116373706	GFF3	57777		0	0	0	0	21	"{""Chr01"":58650186,""Chr02"":54705206,""Chr03"":49403844,""Chr04"":53024811,""Chr05"":45134326,""Chr06"":51969612,""Chr07"":45638959,""Chr08"":48694043,""Chr09"":50539909,""Chr10"":54210491,""Chr11"":41350926,""Chr12"":44331850,""Chr13"":46659445,""Chr14"":52598613,""Chr15"":55621268,""Chr16"":40144584,""Chr17"":42680435,""Chr18"":60262222,""Chr19"":51143635,""Chr20"":50872726,""HiC_scaffold_21"":1835933}"	83011	57777	83011	51722e652cb20ebc36a81f4135b9c9f04403bc3a4c90a9b96d11d176b49a4ee3	PASS
4b8d5d488f78571b	soyod/Williams82.a1.v1/gff/Williams82.a1.v1.annotation3.zip	Williams82.a1.v1.annotation.gff3	Williams82.a1.v1	17139457	1706623262000000000	cc603382223b003c47027189dd0d2e0294ab42b6c9e84f65858bea024a2ab645	160368233	447a057b	.	412262	1	plain	0	0	False	0	692301	"{""CDS"":412262,""five_prime_UTR"":80807,""gene"":54175,""mRNA"":73320,""three_prime_UTR"":71737}"	812d93ac0afa4ffaf8088267dd2b7847cf7efaf991f8180226b9e9d0155cfb79	160368233	GFF3	54175	3	0	0	0	0	149	"{""glyma.Wm82.gnm1.Gm01"":55908766,""glyma.Wm82.gnm1.Gm02"":51655918,""glyma.Wm82.gnm1.Gm03"":47781068,""glyma.Wm82.gnm1.Gm04"":49242951,""glyma.Wm82.gnm1.Gm05"":41924864,""glyma.Wm82.gnm1.Gm06"":50722152,""glyma.Wm82.gnm1.Gm07"":44656165,""glyma.Wm82.gnm1.Gm08"":46990117,""glyma.Wm82.gnm1.Gm09"":46837975,""glyma.Wm82.gnm1.Gm10"":50947731,""glyma.Wm82.gnm1.Gm11"":39160917,""glyma.Wm82.gnm1.Gm12"":40111944,""glyma.Wm82.gnm1.Gm13"":44408123,""glyma.Wm82.gnm1.Gm14"":49707034,""glyma.Wm82.gnm1.Gm15"":50901986,""glyma.Wm82.gnm1.Gm16"":37396468,""glyma.Wm82.gnm1.Gm17"":41878160,""glyma.Wm82.gnm1.Gm18"":62306867,""glyma.Wm82.gnm1.Gm19"":50587335,""glyma.Wm82.gnm1.Gm20"":46769269,""glyma.Wm82.gnm1.scaffold_1000"":5137,""glyma.Wm82.gnm1.scaffold_101"":50221,""glyma.Wm82.gnm1.scaffold_1029"":2368,""glyma.Wm82.gnm1.scaffold_103"":36595,""glyma.Wm82.gnm1.scaffold_1057"":3741,""glyma.Wm82.gnm1.scaffold_1061"":4611,""glyma.Wm82.gnm1.scaffold_1103"":3409,""glyma.Wm82.gnm1.scaffold_1129"":4825,""glyma.Wm82.gnm1.scaffold_1179"":477,""glyma.Wm82.gnm1.scaffold_1180"":4722,""glyma.Wm82.gnm1.scaffold_1198"":1621,""glyma.Wm82.gnm1.scaffold_120"":60491,""glyma.Wm82.gnm1.scaffold_121"":41744,""glyma.Wm82.gnm1.scaffold_1219"":4011,""glyma.Wm82.gnm1.scaffold_1235"":3537,""glyma.Wm82.gnm1.scaffold_1246"":3436,""glyma.Wm82.gnm1.scaffold_1251"":1668,""glyma.Wm82.gnm1.scaffold_128"":9643,""glyma.Wm82.gnm1.scaffold_1280"":3302,""glyma.Wm82.gnm1.scaffold_1332"":736,""glyma.Wm82.gnm1.scaffold_1337"":2019,""glyma.Wm82.gnm1.scaffold_1345"":949,""glyma.Wm82.gnm1.scaffold_1360"":4218,""glyma.Wm82.gnm1.scaffold_1374"":4143,""glyma.Wm82.gnm1.scaffold_1377"":3849,""glyma.Wm82.gnm1.scaffold_1378"":954,""glyma.Wm82.gnm1.scaffold_1403"":4117,""glyma.Wm82.gnm1.scaffold_1415"":4150,""glyma.Wm82.gnm1.scaffold_1454"":3680,""glyma.Wm82.gnm1.scaffold_146"":14636,""glyma.Wm82.gnm1.scaffold_1472"":3043,""glyma.Wm82.gnm1.scaffold_1533"":3886,""glyma.Wm82.gnm1.scaffold_1555"":3872,""glyma.Wm82.gnm1.scaffold_165"":20209,""glyma.Wm82.gnm1.scaffold_1655"":3691,""glyma.Wm82.gnm1.scaffold_1667"":2771,""glyma.Wm82.gnm1.scaffold_169"":14284,""glyma.Wm82.gnm1.scaffold_174"":832,""glyma.Wm82.gnm1.scaffold_175"":16399,""glyma.Wm82.gnm1.scaffold_1784"":2423,""glyma.Wm82.gnm1.scaffold_1902"":2128,""glyma.Wm82.gnm1.scaffold_1926"":738,""glyma.Wm82.gnm1.scaffold_1947"":639,""glyma.Wm82.gnm1.scaffold_196"":15573,""glyma.Wm82.gnm1.scaffold_1961"":3545,""glyma.Wm82.gnm1.scaffold_2031"":1626,""glyma.Wm82.gnm1.scaffold_2099"":2520,""glyma.Wm82.gnm1.scaffold_21"":721100,""glyma.Wm82.gnm1.scaffold_214"":19270,""glyma.Wm82.gnm1.scaffold_217"":10214,""glyma.Wm82.gnm1.scaffold_2191"":1303,""glyma.Wm82.gnm1.scaffold_22"":956925,""glyma.Wm82.gnm1.scaffold_220"":18245,""glyma.Wm82.gnm1.scaffold_2227"":1000,""glyma.Wm82.gnm1.scaffold_2269"":1043,""glyma.Wm82.gnm1.scaffold_23"":883789,""glyma.Wm82.gnm1.scaffold_24"":211808,""glyma.Wm82.gnm1.scaffold_245"":15882,""glyma.Wm82.gnm1.scaffold_247"":6453,""glyma.Wm82.gnm1.scaffold_248"":17210,""glyma.Wm82.gnm1.scaffold_249"":7406,""glyma.Wm82.gnm1.scaffold_260"":2698,""glyma.Wm82.gnm1.scaffold_273"":2866,""glyma.Wm82.gnm1.scaffold_28"":253655,""glyma.Wm82.gnm1.scaffold_303"":3893,""glyma.Wm82.gnm1.scaffold_304"":8509,""glyma.Wm82.gnm1.scaffold_313"":13301,""glyma.Wm82.gnm1.scaffold_317"":9664,""glyma.Wm82.gnm1.scaffold_335"":12528,""glyma.Wm82.gnm1.scaffold_346"":10918,""glyma.Wm82.gnm1.scaffold_349"":3631,""glyma.Wm82.gnm1.scaffold_363"":10665,""glyma.Wm82.gnm1.scaffold_364"":9463,""glyma.Wm82.gnm1.scaffold_384"":8323,""glyma.Wm82.gnm1.scaffold_404"":10035,""glyma.Wm82.gnm1.scaffold_405"":11639,""glyma.Wm82.gnm1.scaffold_41"":171887,""glyma.Wm82.gnm1.scaffold_42"":284115,""glyma.Wm82.gnm1.scaffold_420"":3756,""glyma.Wm82.gnm1.scaffold_427"":10380,""glyma.Wm82.gnm1.scaffold_428"":10767,""glyma.Wm82.gnm1.scaffold_430"":7804,""glyma.Wm82.gnm1.scaffold_448"":10185,""glyma.Wm82.gnm1.scaffold_466"":1718,""glyma.Wm82.gnm1.scaffold_472"":2831,""glyma.Wm82.gnm1.scaffold_48"":118892,""glyma.Wm82.gnm1.scaffold_490"":1717,""glyma.Wm82.gnm1.scaffold_509"":1011,""glyma.Wm82.gnm1.scaffold_53"":97317,""glyma.Wm82.gnm1.scaffold_554"":6226,""glyma.Wm82.gnm1.scaffold_57"":115364,""glyma.Wm82.gnm1.scaffold_589"":9427,""glyma.Wm82.gnm1.scaffold_60"":106210,""glyma.Wm82.gnm1.scaffold_602"":1949,""glyma.Wm82.gnm1.scaffold_615"":8253,""glyma.Wm82.gnm1.scaffold_66"":164286,""glyma.Wm82.gnm1.scaffold_67"":45302,""glyma.Wm82.gnm1.scaffold_679"":3614,""glyma.Wm82.gnm1.scaffold_682"":7430,""glyma.Wm82.gnm1.scaffold_690"":4601,""glyma.Wm82.gnm1.scaffold_70"":40055,""glyma.Wm82.gnm1.scaffold_712"":5721,""glyma.Wm82.gnm1.scaffold_732"":4665,""glyma.Wm82.gnm1.scaffold_737"":6766,""glyma.Wm82.gnm1.scaffold_765"":6591,""glyma.Wm82.gnm1.scaffold_767"":2521,""glyma.Wm82.gnm1.scaffold_772"":6576,""glyma.Wm82.gnm1.scaffold_776"":6663,""glyma.Wm82.gnm1.scaffold_79"":167502,""glyma.Wm82.gnm1.scaffold_80"":43733,""glyma.Wm82.gnm1.scaffold_819"":5898,""glyma.Wm82.gnm1.scaffold_823"":3608,""glyma.Wm82.gnm1.scaffold_839"":4663,""glyma.Wm82.gnm1.scaffold_84"":54224,""glyma.Wm82.gnm1.scaffold_856"":5992,""glyma.Wm82.gnm1.scaffold_859"":5680,""glyma.Wm82.gnm1.scaffold_86"":93419,""glyma.Wm82.gnm1.scaffold_886"":5842,""glyma.Wm82.gnm1.scaffold_892"":3229,""glyma.Wm82.gnm1.scaffold_893"":535,""glyma.Wm82.gnm1.scaffold_90"":48952,""glyma.Wm82.gnm1.scaffold_91"":30661,""glyma.Wm82.gnm1.scaffold_92"":55797,""glyma.Wm82.gnm1.scaffold_920"":2121,""glyma.Wm82.gnm1.scaffold_938"":2738,""glyma.Wm82.gnm1.scaffold_950"":4978,""glyma.Wm82.gnm1.scaffold_96"":84651,""glyma.Wm82.gnm1.scaffold_973"":5375,""glyma.Wm82.gnm1.scaffold_985"":5370}"	73320	54175	73320	51722e652cb20ebc36a81f4135b9c9f04403bc3a4c90a9b96d11d176b49a4ee3	PASS
bfc43d2d26f8a173	soyod/Williams82.a2.v1/gff/Williams82.a2.v1.annotation3.zip	Williams82.a2.v1.annotation.gff3	Williams82.a2.v1	15241287	1706623267000000000	97ce67f2c0ba4cb0519b617d17a3b0e9964b532ea9c8b177c4b7e6c388563cb3	204482032	8163f9ff	.	525934	2	plain	0	0	False	572504	1436994	"{""CDS"":525934,""exon"":572504,""five_prime_UTR"":104353,""gene"":56044,""mRNA"":88647,""three_prime_UTR"":89512}"	383a86e335402138761348fab81fe7e659c0b564c07eaf3fbd56c48e2152d847	204482032	GFF3	56044	3	0	0	0	0	147	"{""Chr01"":56824795,""Chr02"":48566408,""Chr03"":45779762,""Chr04"":52388447,""Chr05"":42234431,""Chr06"":51393698,""Chr07"":44602904,""Chr08"":47827181,""Chr09"":50189007,""Chr10"":51546294,""Chr11"":34750215,""Chr12"":40090069,""Chr13"":45821313,""Chr14"":48983426,""Chr15"":51729335,""Chr16"":37874748,""Chr17"":41609340,""Chr18"":58017908,""Chr19"":50733768,""Chr20"":47901292,""scaffold_1038"":3633,""scaffold_105"":53852,""scaffold_1057"":2460,""scaffold_1065"":1442,""scaffold_1078"":4303,""scaffold_110"":46406,""scaffold_111"":52735,""scaffold_1118"":5014,""scaffold_112"":42588,""scaffold_1160"":938,""scaffold_1179"":1652,""scaffold_118"":43256,""scaffold_119"":45598,""scaffold_1196"":3843,""scaffold_1219"":2551,""scaffold_123"":64707,""scaffold_1233"":3300,""scaffold_1241"":4190,""scaffold_1271"":1327,""scaffold_128"":61617,""scaffold_1317"":4138,""scaffold_1321"":3849,""scaffold_1327"":1742,""scaffold_137"":34812,""scaffold_1379"":2875,""scaffold_138"":36847,""scaffold_139"":18700,""scaffold_1394"":3986,""scaffold_1402"":3971,""scaffold_151"":9262,""scaffold_152"":25916,""scaffold_1560"":1841,""scaffold_157"":15904,""scaffold_164"":22240,""scaffold_165"":21032,""scaffold_168"":22138,""scaffold_1718"":880,""scaffold_1729"":1669,""scaffold_1742"":2402,""scaffold_1745"":1147,""scaffold_1777"":1361,""scaffold_1793"":3368,""scaffold_186"":11742,""scaffold_191"":19181,""scaffold_195"":46678,""scaffold_1967"":1816,""scaffold_197"":14824,""scaffold_1990"":1626,""scaffold_205"":4641,""scaffold_208"":12484,""scaffold_2080"":3153,""scaffold_21"":3555149,""scaffold_211"":38400,""scaffold_212"":11301,""scaffold_2140"":1292,""scaffold_216"":11739,""scaffold_217"":15810,""scaffold_22"":1224291,""scaffold_223"":15896,""scaffold_229"":17815,""scaffold_23"":809576,""scaffold_24"":526459,""scaffold_25"":670724,""scaffold_254"":4442,""scaffold_263"":11460,""scaffold_265"":13682,""scaffold_27"":384045,""scaffold_271"":10541,""scaffold_28"":355181,""scaffold_296"":14513,""scaffold_30"":245618,""scaffold_31"":306556,""scaffold_311"":2723,""scaffold_32"":263664,""scaffold_330"":47439,""scaffold_344"":13028,""scaffold_345"":9513,""scaffold_349"":9844,""scaffold_353"":9510,""scaffold_36"":15872,""scaffold_361"":12042,""scaffold_376"":6013,""scaffold_383"":7464,""scaffold_40"":263617,""scaffold_409"":8687,""scaffold_41"":18051,""scaffold_412"":1216,""scaffold_426"":9304,""scaffold_44"":171892,""scaffold_442"":10906,""scaffold_471"":10177,""scaffold_484"":2661,""scaffold_488"":9825,""scaffold_521"":2817,""scaffold_522"":7312,""scaffold_530"":7683,""scaffold_581"":6129,""scaffold_587"":6577,""scaffold_608"":7492,""scaffold_614"":6730,""scaffold_623"":1466,""scaffold_633"":4797,""scaffold_636"":7829,""scaffold_65"":96685,""scaffold_660"":7289,""scaffold_675"":3370,""scaffold_681"":3982,""scaffold_691"":3678,""scaffold_711"":6940,""scaffold_713"":5703,""scaffold_72"":36858,""scaffold_73"":88661,""scaffold_74"":52489,""scaffold_744"":2463,""scaffold_75"":54951,""scaffold_76"":68941,""scaffold_78"":76280,""scaffold_821"":4660,""scaffold_843"":1466,""scaffold_846"":5992,""scaffold_852"":3045,""scaffold_88"":24178,""scaffold_896"":3230,""scaffold_91"":58067,""scaffold_93"":62492,""scaffold_97"":59891,""scaffold_99"":29105}"	88647	56044	88647	51722e652cb20ebc36a81f4135b9c9f04403bc3a4c90a9b96d11d176b49a4ee3	PASS
6c699c79f3a661f2	soyod/Williams82.a4.v1/gff/Williams82.a4.v1.annotation3.zip	Williams82.a4.v1.annotation.gff3	Williams82.a4.v1	16805199	1706623279000000000	36cfd0448338c9cdb69022b6c5b30d62c99c1b4346413a9f6b7ac05666060613	182434801	8dee3fa3	1289b4099cddb5dc	516059	3	plain	0	0	False	0	856876	"{""CDS"":516059,""five_prime_UTR"":107929,""gene"":52872,""mRNA"":86256,""three_prime_UTR"":93760}"	c79be075ffe9bd71287e2165fa97d8d2494de7ae9f0b11e21cdef8e1f91a9a77	182434801	GFF3	52872	3	0	0	0	0	94	"{""glyma.Wm82.gnm4.Gm01"":57925526,""glyma.Wm82.gnm4.Gm02"":50394966,""glyma.Wm82.gnm4.Gm03"":46951856,""glyma.Wm82.gnm4.Gm04"":51201663,""glyma.Wm82.gnm4.Gm05"":42274527,""glyma.Wm82.gnm4.Gm06"":50917057,""glyma.Wm82.gnm4.Gm07"":44919247,""glyma.Wm82.gnm4.Gm08"":47225907,""glyma.Wm82.gnm4.Gm09"":50571985,""glyma.Wm82.gnm4.Gm10"":51618094,""glyma.Wm82.gnm4.Gm11"":39625053,""glyma.Wm82.gnm4.Gm12"":41529924,""glyma.Wm82.gnm4.Gm13"":45172991,""glyma.Wm82.gnm4.Gm14"":49834510,""glyma.Wm82.gnm4.Gm15"":53727367,""glyma.Wm82.gnm4.Gm16"":38111205,""glyma.Wm82.gnm4.Gm17"":41713789,""glyma.Wm82.gnm4.Gm18"":58280040,""glyma.Wm82.gnm4.Gm19"":51259747,""glyma.Wm82.gnm4.Gm20"":47843133,""glyma.Wm82.gnm4.scaffold_102"":70946,""glyma.Wm82.gnm4.scaffold_105"":26277,""glyma.Wm82.gnm4.scaffold_1052"":1328,""glyma.Wm82.gnm4.scaffold_107"":54431,""glyma.Wm82.gnm4.scaffold_113"":59241,""glyma.Wm82.gnm4.scaffold_115"":47996,""glyma.Wm82.gnm4.scaffold_116"":54421,""glyma.Wm82.gnm4.scaffold_117"":61235,""glyma.Wm82.gnm4.scaffold_119"":60059,""glyma.Wm82.gnm4.scaffold_120"":62401,""glyma.Wm82.gnm4.scaffold_121"":59891,""glyma.Wm82.gnm4.scaffold_124"":41858,""glyma.Wm82.gnm4.scaffold_129"":31198,""glyma.Wm82.gnm4.scaffold_135"":46911,""glyma.Wm82.gnm4.scaffold_138"":52961,""glyma.Wm82.gnm4.scaffold_143"":26898,""glyma.Wm82.gnm4.scaffold_145"":13516,""glyma.Wm82.gnm4.scaffold_164"":43188,""glyma.Wm82.gnm4.scaffold_165"":46073,""glyma.Wm82.gnm4.scaffold_166"":33591,""glyma.Wm82.gnm4.scaffold_174"":38371,""glyma.Wm82.gnm4.scaffold_183"":26602,""glyma.Wm82.gnm4.scaffold_188"":40495,""glyma.Wm82.gnm4.scaffold_201"":36534,""glyma.Wm82.gnm4.scaffold_21"":736998,""glyma.Wm82.gnm4.scaffold_214"":29455,""glyma.Wm82.gnm4.scaffold_223"":23447,""glyma.Wm82.gnm4.scaffold_224"":17075,""glyma.Wm82.gnm4.scaffold_229"":21126,""glyma.Wm82.gnm4.scaffold_232"":19567,""glyma.Wm82.gnm4.scaffold_233"":22285,""glyma.Wm82.gnm4.scaffold_238"":9737,""glyma.Wm82.gnm4.scaffold_239"":14242,""glyma.Wm82.gnm4.scaffold_245"":14688,""glyma.Wm82.gnm4.scaffold_25"":2010,""glyma.Wm82.gnm4.scaffold_250"":19610,""glyma.Wm82.gnm4.scaffold_253"":2654,""glyma.Wm82.gnm4.scaffold_260"":16561,""glyma.Wm82.gnm4.scaffold_27"":328868,""glyma.Wm82.gnm4.scaffold_271"":4641,""glyma.Wm82.gnm4.scaffold_273"":13667,""glyma.Wm82.gnm4.scaffold_282"":4442,""glyma.Wm82.gnm4.scaffold_288"":16652,""glyma.Wm82.gnm4.scaffold_301"":16244,""glyma.Wm82.gnm4.scaffold_314"":16653,""glyma.Wm82.gnm4.scaffold_32"":175025,""glyma.Wm82.gnm4.scaffold_327"":13595,""glyma.Wm82.gnm4.scaffold_328"":15403,""glyma.Wm82.gnm4.scaffold_331"":10736,""glyma.Wm82.gnm4.scaffold_339"":1803,""glyma.Wm82.gnm4.scaffold_375"":2827,""glyma.Wm82.gnm4.scaffold_40"":137004,""glyma.Wm82.gnm4.scaffold_42"":144067,""glyma.Wm82.gnm4.scaffold_422"":9684,""glyma.Wm82.gnm4.scaffold_436"":9510,""glyma.Wm82.gnm4.scaffold_449"":12071,""glyma.Wm82.gnm4.scaffold_498"":8561,""glyma.Wm82.gnm4.scaffold_521"":1034,""glyma.Wm82.gnm4.scaffold_524"":10906,""glyma.Wm82.gnm4.scaffold_54"":121415,""glyma.Wm82.gnm4.scaffold_551"":10197,""glyma.Wm82.gnm4.scaffold_561"":6811,""glyma.Wm82.gnm4.scaffold_65"":100510,""glyma.Wm82.gnm4.scaffold_69"":108426,""glyma.Wm82.gnm4.scaffold_70"":110549,""glyma.Wm82.gnm4.scaffold_738"":6794,""glyma.Wm82.gnm4.scaffold_78"":34734,""glyma.Wm82.gnm4.scaffold_79"":91933,""glyma.Wm82.gnm4.scaffold_82"":76812,""glyma.Wm82.gnm4.scaffold_84"":86905,""glyma.Wm82.gnm4.scaffold_86"":31986,""glyma.Wm82.gnm4.scaffold_88"":54844,""glyma.Wm82.gnm4.scaffold_98"":66765,""glyma.Wm82.gnm4.scaffold_99"":18778}"	86256	52872	86256	51722e652cb20ebc36a81f4135b9c9f04403bc3a4c90a9b96d11d176b49a4ee3	PASS
8934721aa3479824	soyod/Xu_Dou_1/gff/Xu_Dou_1.annotation.zip	Xu_Dou_1.annotation.gff	Xu_Dou_1	9566402	1780802801000000000	7857ae8d28c3436e6d4bf9850b92d0f64afa7d65af7c6a882edc005ee64e476b	108731446	3f837960	e74544f21bb63e52	414971	0	plain	0	0	False	454315	1140777	"{""CDS"":414971,""exon"":454315,""five_prime_UTR"":75776,""gene"":54405,""mRNA"":75543,""three_prime_UTR"":65767}"	c5733f090e14cb484c586648a5e9209a999079f9759fa0e3d1c7ef1652514279	108731446	GFF3	54405		0	0	0	0	26	"{""Chr01"":58717957,""Chr02"":54931805,""Chr03"":48792427,""Chr04"":53593567,""Chr05"":44813342,""Chr06"":51816747,""Chr07"":47178664,""Chr08"":49983971,""Chr09"":51303261,""Chr10"":54767068,""Chr11"":41343133,""Chr12"":43004861,""Chr13"":46766078,""Chr14"":52795435,""Chr15"":54642305,""Chr16"":37946684,""Chr17"":43197138,""Chr18"":59914202,""Chr19"":51167315,""Chr20"":51863468,""HiC_scaffold_25"":1463032,""HiC_scaffold_26"":31719,""HiC_scaffold_27"":13743,""HiC_scaffold_28"":29459,""HiC_scaffold_30"":2599,""HiC_scaffold_9"":737591}"	75543	54405	75543	51722e652cb20ebc36a81f4135b9c9f04403bc3a4c90a9b96d11d176b49a4ee3	PASS
0f6a5f5dfa1a59d4	soyod/Yesheng71_T2T/gff/Yesheng71.annotation.zip	Yesheng71_T2T.annotation.gff	Yesheng71_T2T	13982908	1780803021000000000	3af1fd511bcbc00d7cdcff7c794755fb330a0e7496fd062dfc4d2b159269a810	184457330	00b22c4f	58846353edbf3856	401340	26	plain	0	0	False	437501	1121090	"{""CDS"":401340,""exon"":437501,""five_prime_UTR"":79252,""gene"":58583,""mRNA"":73146,""ncRNA"":3139,""rRNA"":927,""tRNA"":1022,""three_prime_UTR"":66180}"	19edd85c50924e7016b1b2d0b33da8454bef1aca9145dfc59a40691c5b4c7fa3	184457330	GFF3	58583		0	0	0	0	26	"{""GWHEQVB00000001"":62777003,""GWHEQVB00000002"":55602210,""GWHEQVB00000003"":50201422,""GWHEQVB00000004"":53483959,""GWHEQVB00000005"":45150231,""GWHEQVB00000006"":55610897,""GWHEQVB00000007"":47129747,""GWHEQVB00000008"":52144893,""GWHEQVB00000009"":50876527,""GWHEQVB00000010"":54924650,""GWHEQVB00000011"":41779695,""GWHEQVB00000012"":44577469,""GWHEQVB00000013"":47220546,""GWHEQVB00000014"":54162803,""GWHEQVB00000015"":54076578,""GWHEQVB00000016"":39787363,""GWHEQVB00000017"":44711514,""GWHEQVB00000018"":64621109,""GWHEQVB00000019"":53200690,""GWHEQVB00000020"":51705877,""GWHEQVB00000021"":152104,""GWHEQVB00000022"":170471,""GWHEQVB00000023"":133781,""GWHEQVB00000024"":93811,""GWHEQVB00000025"":54488,""GWHEQVB00000026"":81324}"	73146	58583	73146	51722e652cb20ebc36a81f4135b9c9f04403bc3a4c90a9b96d11d176b49a4ee3	PASS
d1987ecb43106760	soyod/Yu_Dou_22/gff/Yu_Dou_22.annotation.zip	Yu_Dou_22.annotation.gff	Yu_Dou_22	10037088	1780802823000000000	15f6ea0cbe9ceeffdac356f0ac28e6aa48d713c5409d6740aba574855737589d	115233490	51f56c0c	5799d550972348b4	444474	0	plain	0	0	False	483065	1209290	"{""CDS"":444474,""exon"":483065,""five_prime_UTR"":78226,""gene"":55619,""mRNA"":79169,""three_prime_UTR"":68737}"	3a814669aad9d442f16a678a9972d8df67f05f77b0d04b46f20cc6bdecd7b24e	115233490	GFF3	55619		0	0	0	0	39	"{""Chr01"":59140361,""Chr02"":53500521,""Chr03"":46831666,""Chr04"":53285535,""Chr05"":44218472,""Chr06"":53022816,""Chr07"":47182662,""Chr08"":49980281,""Chr09"":52012401,""Chr10"":54252019,""Chr11"":40983534,""Chr12"":43137530,""Chr13"":46552560,""Chr14"":52420313,""Chr15"":53415895,""Chr16"":38810213,""Chr17"":42767302,""Chr18"":60538560,""Chr19"":51480435,""Chr20"":53596023,""HiC_scaffold_13"":301988,""HiC_scaffold_20"":734024,""HiC_scaffold_25"":1806157,""HiC_scaffold_3"":221759,""HiC_scaffold_31"":149363,""HiC_scaffold_33"":1099634,""HiC_scaffold_34"":96951,""HiC_scaffold_35"":77816,""HiC_scaffold_36"":42534,""HiC_scaffold_37"":40631,""HiC_scaffold_38"":41140,""HiC_scaffold_39"":27396,""HiC_scaffold_40"":34784,""HiC_scaffold_41"":32955,""HiC_scaffold_42"":8172,""HiC_scaffold_43"":22300,""HiC_scaffold_45"":28586,""HiC_scaffold_46"":13703,""HiC_scaffold_7"":19420}"	79169	55619	79169	51722e652cb20ebc36a81f4135b9c9f04403bc3a4c90a9b96d11d176b49a4ee3	PASS
1a343104cc94269d	soyod/Yundou1_T2T/gff/Yundou1.annotation.zip	Yundou1_T2T.annotation.gff	Yundou1_T2T	13785891	1780803078000000000	4158bc67fb6dc7f380ee5c0bb8b9dc4487a3e6a224df3d7adf833e40d5ae6912	181309054	2e57873d	42e6902fc05e0c1a	393894	26	plain	0	0	False	429740	1101949	"{""CDS"":393894,""exon"":429740,""five_prime_UTR"":77557,""gene"":58621,""mRNA"":72553,""ncRNA"":3117,""rRNA"":950,""tRNA"":1046,""three_prime_UTR"":64471}"	f76d9e4e6c4c43ab6e37f7357987df10bf7a380d80312b575b36558fd6208ff7	181309054	GFF3	58621		0	0	0	0	26	"{""GWHEQVD00000001"":60267015,""GWHEQVD00000002"":54946398,""GWHEQVD00000003"":48930773,""GWHEQVD00000004"":55994061,""GWHEQVD00000005"":44785362,""GWHEQVD00000006"":53799818,""GWHEQVD00000007"":48371932,""GWHEQVD00000008"":50624653,""GWHEQVD00000009"":50805089,""GWHEQVD00000010"":54908517,""GWHEQVD00000011"":42128873,""GWHEQVD00000012"":43025645,""GWHEQVD00000013"":47132806,""GWHEQVD00000014"":52700606,""GWHEQVD00000015"":54802520,""GWHEQVD00000016"":39846680,""GWHEQVD00000017"":44556273,""GWHEQVD00000018"":61329211,""GWHEQVD00000019"":53097224,""GWHEQVD00000020"":51868849,""GWHEQVD00000021"":152107,""GWHEQVD00000022"":130942,""GWHEQVD00000023"":106604,""GWHEQVD00000024"":80635,""GWHEQVD00000025"":121976,""GWHEQVD00000026"":67347}"	72553	58621	72553	51722e652cb20ebc36a81f4135b9c9f04403bc3a4c90a9b96d11d176b49a4ee3	PASS
97b7f4fa7e44233a	soyod/Zhong_Huang_13.v1/gff/Zhong_Huang_13.v1.annotation.zip	Zhong_Huang_13.v1.annotation.gff	Zhong_Huang_13.v1	8545027	1706623324000000000	41e7f2c87824ede4772df40a0d97cc3fde8b010692dd494d52aa60e01d8c062b	127934704	2533e0f7	f905cd9135788524	333842	245	plain	0	0	False	345307	857118	"{""CDS"":333842,""exon"":345307,""five_prime_UTR"":34834,""gene"":52178,""mRNA"":58017,""rRNA_primary_transcript"":8,""tRNA_primary_transcript"":29,""three_prime_UTR"":32903}"	296a5bfafb01d29d3375b7ee7ff55a94bbd573fef2ee3d326ce1297e96283ef5	127934704	GFF3	52178	(final)	0	0	0	0	244	"{""GWHAAEV00000001"":59637045,""GWHAAEV00000002"":51548923,""GWHAAEV00000003"":47130540,""GWHAAEV00000004"":53204953,""GWHAAEV00000005"":44072790,""GWHAAEV00000006"":52458502,""GWHAAEV00000007"":47714439,""GWHAAEV00000008"":50205839,""GWHAAEV00000009"":51981294,""GWHAAEV00000010"":53382766,""GWHAAEV00000011"":40682822,""GWHAAEV00000012"":43298723,""GWHAAEV00000013"":46896471,""GWHAAEV00000014"":51801920,""GWHAAEV00000015"":54142315,""GWHAAEV00000016"":38219289,""GWHAAEV00000017"":42665207,""GWHAAEV00000018"":60215796,""GWHAAEV00000019"":52402794,""GWHAAEV00000020"":52416986,""GWHAAEV00000021"":152098,""GWHAAEV00000023"":3139,""GWHAAEV00000027"":37675,""GWHAAEV00000032"":26526,""GWHAAEV00000033"":26982,""GWHAAEV00000044"":14541,""GWHAAEV00000046"":48931,""GWHAAEV00000048"":31733,""GWHAAEV00000050"":23179,""GWHAAEV00000052"":19714,""GWHAAEV00000056"":39749,""GWHAAEV00000057"":4530,""GWHAAEV00000058"":11118,""GWHAAEV00000060"":58879,""GWHAAEV00000062"":56693,""GWHAAEV00000063"":37123,""GWHAAEV00000064"":25060,""GWHAAEV00000066"":14091,""GWHAAEV00000067"":50624,""GWHAAEV00000068"":27662,""GWHAAEV00000071"":24290,""GWHAAEV00000075"":15436,""GWHAAEV00000076"":29522,""GWHAAEV00000077"":11022,""GWHAAEV00000078"":70066,""GWHAAEV00000079"":50010,""GWHAAEV00000080"":16974,""GWHAAEV00000082"":36295,""GWHAAEV00000083"":6402,""GWHAAEV00000084"":2327,""GWHAAEV00000085"":29483,""GWHAAEV00000086"":33935,""GWHAAEV00000089"":53252,""GWHAAEV00000092"":2228,""GWHAAEV00000094"":33174,""GWHAAEV00000095"":35737,""GWHAAEV00000096"":8651,""GWHAAEV00000097"":22934,""GWHAAEV00000100"":13252,""GWHAAEV00000101"":27689,""GWHAAEV00000105"":28865,""GWHAAEV00000107"":31916,""GWHAAEV00000109"":18942,""GWHAAEV00000113"":13010,""GWHAAEV00000120"":47690,""GWHAAEV00000121"":23089,""GWHAAEV00000122"":51160,""GWHAAEV00000125"":22212,""GWHAAEV00000129"":1952,""GWHAAEV00000132"":21050,""GWHAAEV00000140"":44660,""GWHAAEV00000141"":16039,""GWHAAEV00000142"":31738,""GWHAAEV00000143"":38753,""GWHAAEV00000144"":34062,""GWHAAEV00000147"":22114,""GWHAAEV00000159"":84922,""GWHAAEV00000160"":36924,""GWHAAEV00000163"":65831,""GWHAAEV00000166"":35282,""GWHAAEV00000167"":59969,""GWHAAEV00000168"":26746,""GWHAAEV00000169"":27440,""GWHAAEV00000170"":40108,""GWHAAEV00000171"":12696,""GWHAAEV00000172"":33046,""GWHAAEV00000174"":35419,""GWHAAEV00000177"":42271,""GWHAAEV00000179"":38708,""GWHAAEV00000186"":33039,""GWHAAEV00000188"":46979,""GWHAAEV00000189"":4232,""GWHAAEV00000192"":30247,""GWHAAEV00000193"":25687,""GWHAAEV00000198"":38375,""GWHAAEV00000200"":5127,""GWHAAEV00000207"":111313,""GWHAAEV00000208"":107838,""GWHAAEV00000209"":16789,""GWHAAEV00000212"":24508,""GWHAAEV00000218"":29273,""GWHAAEV00000220"":14672,""GWHAAEV00000221"":45877,""GWHAAEV00000224"":38927,""GWHAAEV00000226"":45770,""GWHAAEV00000227"":54311,""GWHAAEV00000232"":25975,""GWHAAEV00000233"":18280,""GWHAAEV00000234"":24923,""GWHAAEV00000235"":19525,""GWHAAEV00000236"":27695,""GWHAAEV00000238"":31735,""GWHAAEV00000240"":19504,""GWHAAEV00000242"":26609,""GWHAAEV00000243"":21156,""GWHAAEV00000245"":40210,""GWHAAEV00000246"":22968,""GWHAAEV00000247"":28406,""GWHAAEV00000248"":36967,""GWHAAEV00000250"":30066,""GWHAAEV00000251"":55410,""GWHAAEV00000252"":11396,""GWHAAEV00000257"":13154,""GWHAAEV00000258"":34782,""GWHAAEV00000262"":29714,""GWHAAEV00000268"":34455,""GWHAAEV00000272"":19908,""GWHAAEV00000273"":1077,""GWHAAEV00000286"":16544,""GWHAAEV00000290"":36237,""GWHAAEV00000296"":40691,""GWHAAEV00000297"":30458,""GWHAAEV00000298"":30535,""GWHAAEV00000300"":15861,""GWHAAEV00000302"":33691,""GWHAAEV00000304"":5738,""GWHAAEV00000305"":164038,""GWHAAEV00000306"":9537,""GWHAAEV00000307"":32214,""GWHAAEV00000309"":88912,""GWHAAEV00000310"":27003,""GWHAAEV00000311"":43627,""GWHAAEV00000312"":18631,""GWHAAEV00000313"":22583,""GWHAAEV00000314"":30919,""GWHAAEV00000315"":34460,""GWHAAEV00000317"":32254,""GWHAAEV00000319"":50379,""GWHAAEV00000320"":25225,""GWHAAEV00000321"":6818,""GWHAAEV00000322"":31993,""GWHAAEV00000323"":31396,""GWHAAEV00000324"":55189,""GWHAAEV00000325"":40696,""GWHAAEV00000326"":32925,""GWHAAEV00000328"":33628,""GWHAAEV00000329"":27728,""GWHAAEV00000331"":42951,""GWHAAEV00000335"":218809,""GWHAAEV00000336"":35224,""GWHAAEV00000343"":51756,""GWHAAEV00000344"":29258,""GWHAAEV00000352"":50124,""GWHAAEV00000353"":46411,""GWHAAEV00000354"":31381,""GWHAAEV00000359"":33165,""GWHAAEV00000362"":11885,""GWHAAEV00000363"":33926,""GWHAAEV00000370"":23577,""GWHAAEV00000371"":29586,""GWHAAEV00000376"":23612,""GWHAAEV00000381"":30526,""GWHAAEV00000384"":23053,""GWHAAEV00000386"":27692,""GWHAAEV00000387"":46798,""GWHAAEV00000388"":41500,""GWHAAEV00000389"":10409,""GWHAAEV00000396"":23226,""GWHAAEV00000399"":22027,""GWHAAEV00000400"":26350,""GWHAAEV00000402"":15591,""GWHAAEV00000407"":27416,""GWHAAEV00000411"":16807,""GWHAAEV00000414"":36516,""GWHAAEV00000420"":46201,""GWHAAEV00000421"":17145,""GWHAAEV00000422"":15080,""GWHAAEV00000423"":32888,""GWHAAEV00000424"":38511,""GWHAAEV00000426"":22655,""GWHAAEV00000436"":45405,""GWHAAEV00000437"":20896,""GWHAAEV00000439"":27907,""GWHAAEV00000440"":31147,""GWHAAEV00000441"":19424,""GWHAAEV00000442"":729,""GWHAAEV00000443"":36665,""GWHAAEV00000446"":42396,""GWHAAEV00000448"":43128,""GWHAAEV00000449"":20073,""GWHAAEV00000450"":38498,""GWHAAEV00000451"":19233,""GWHAAEV00000454"":4860,""GWHAAEV00000462"":40422,""GWHAAEV00000465"":25523,""GWHAAEV00000467"":37328,""GWHAAEV00000470"":68223,""GWHAAEV00000475"":12094,""GWHAAEV00000476"":51138,""GWHAAEV00000477"":17468,""GWHAAEV00000479"":21910,""GWHAAEV00000481"":10700,""GWHAAEV00000483"":32223,""GWHAAEV00000492"":30695,""GWHAAEV00000493"":10065,""GWHAAEV00000494"":23534,""GWHAAEV00000495"":35462,""GWHAAEV00000497"":24938,""GWHAAEV00000500"":36298,""GWHAAEV00000504"":23407,""GWHAAEV00000506"":48990,""GWHAAEV00000511"":26271,""GWHAAEV00000513"":26363,""GWHAAEV00000514"":16399,""GWHAAEV00000515"":26450,""GWHAAEV00000516"":25866,""GWHAAEV00000518"":22314,""GWHAAEV00000520"":17476,""GWHAAEV00000521"":29051,""GWHAAEV00000522"":30286,""GWHAAEV00000524"":2453,""GWHAAEV00000526"":17204,""GWHAAEV00000527"":31632,""GWHAAEV00000529"":22901,""GWHAAEV00000530"":26638,""GWHAAEV00000534"":52913,""GWHAAEV00000540"":34813,""GWHAAEV00000546"":136133,""GWHAAEV00000551"":76280,""GWHAAEV00000552"":60363,""GWHAAEV00000559"":12254,""GWHAAEV00000561"":37308,""GWHAAEV00000562"":31438,""GWHAAEV00000570"":36140}"	58017	52178	58017	51722e652cb20ebc36a81f4135b9c9f04403bc3a4c90a9b96d11d176b49a4ee3	PASS
6bcd09993f2485aa	soyod/Zhong_Huang_13.v2/gff/Zhong_Huang_13.v2.annotation.zip	Zhong_Huang_13.v2.annotation.gff	Zhong_Huang_13.v2	11836664	1706623337000000000	694529f8c8d06f1e0ee0a8f30793e69e35e16e30b0cc3334c2f7361fbf5fe8f8	153596888	53701b21	f4acbfef17315648	553308	0	plain	0	0	False	629091	1565691	"{""CDS"":553308,""exon"":629091,""five_prime_UTR"":126265,""gene"":55443,""mRNA"":96366,""three_prime_UTR"":105218}"	f487e69e9e4c19797638c6149510dcb282e6899d651a18cf34a27e0aab7cf079	153596888	GFF3	55443		0	0	0	0	44	"{""Chr01"":59238923,""Chr02"":52150707,""Chr03"":47688475,""Chr04"":53936181,""Chr05"":45251776,""Chr06"":51947867,""Chr07"":46524143,""Chr08"":49891726,""Chr09"":51448118,""Chr10"":54057227,""Chr11"":40730521,""Chr12"":44493066,""Chr13"":47095537,""Chr14"":52941130,""Chr15"":53382523,""Chr16"":38226728,""Chr17"":42312683,""Chr18"":60658846,""Chr19"":52308210,""Chr20"":52267294,""Scaffold1"":5997891,""Scaffold10"":26627,""Scaffold11"":40184,""Scaffold12"":37900,""Scaffold13"":38340,""Scaffold14"":22571,""Scaffold16"":32316,""Scaffold17"":26352,""Scaffold18"":25226,""Scaffold19"":27134,""Scaffold2"":4632571,""Scaffold21"":30748,""Scaffold25"":20836,""Scaffold29"":21944,""Scaffold3"":1308122,""Scaffold30"":21853,""Scaffold31"":23153,""Scaffold33"":16070,""Scaffold36"":9405,""Scaffold4"":1040609,""Scaffold6"":55419,""Scaffold7"":45066,""Scaffold8"":48347,""Scaffold9"":47002}"	96366	55443	96366	51722e652cb20ebc36a81f4135b9c9f04403bc3a4c90a9b96d11d176b49a4ee3	PASS
3f50b04e750cc82c	soyod/Zhong_Huang_13_T2T/gff/ZH13_T2T.annotation.zip	ZH13_T2T.annotation.gff	Zhong_Huang_13_T2T	47519406	1706623307000000000	7a35f4f0783428d357c461145762ee8ea55103b4d2596e077eefd602354af874	511991251	29758621	484ac27242746eae	420608	20	plain	0	0	False	497946	3159541	"{""CDS"":420608,""exon"":497946,""five_prime_UTR"":77716,""gene"":56154,""intron"":414048,""lnc_RNA"":3074,""mRNA"":80824,""similarity"":1526368,""three_prime_UTR"":82803}"	d7cc9c427891f915f3426b83691bd119ac911fa5a67ec8f17ed61ad56ec2a87a	511991251	GFF3	56154		0	0	0	0	20	"{""GWHBWDJ00000001.1"":59750379,""GWHBWDJ00000002.1"":54995391,""GWHBWDJ00000003.1"":48699167,""GWHBWDJ00000004.1"":55428179,""GWHBWDJ00000005.1"":44653506,""GWHBWDJ00000006.1"":53453162,""GWHBWDJ00000007.1"":47107907,""GWHBWDJ00000008.1"":50519867,""GWHBWDJ00000009.1"":51438404,""GWHBWDJ00000010.1"":55144513,""GWHBWDJ00000011.1"":41493097,""GWHBWDJ00000012.1"":42949683,""GWHBWDJ00000013.1"":46997782,""GWHBWDJ00000014.1"":52529456,""GWHBWDJ00000015.1"":54282814,""GWHBWDJ00000016.1"":38312285,""GWHBWDJ00000017.1"":43974127,""GWHBWDJ00000018.1"":60625342,""GWHBWDJ00000019.1"":52998867,""GWHBWDJ00000020.1"":51882785}"	80824	56154	80824	51722e652cb20ebc36a81f4135b9c9f04403bc3a4c90a9b96d11d176b49a4ee3	PASS
88008bee6a8ee306	soyod/Zhutwinning2/gff/Zhutwinning2.annotation.zip	Zhutwinning2.annotation.gff	Zhutwinning2	9659325	1780802896000000000	d53c7b39b0683689ba5b294937b9dc5d38d76e4431257280ea9582b45c81ba24	110006654	9e828e3d	0a83296898386360	419155	0	plain	0	0	False	459730	1154139	"{""CDS"":419155,""exon"":459730,""five_prime_UTR"":77100,""gene"":54502,""mRNA"":76140,""three_prime_UTR"":67512}"	235f759549cb37194d3f9f456c322a1abe282abf14fd2cc4bb6dc1fda1613093	110006654	GFF3	54502		0	0	0	0	42	"{""Chr01"":58607568,""Chr02"":54080286,""Chr03"":47663023,""Chr04"":52854977,""Chr05"":43932994,""Chr06"":51281720,""Chr07"":47436579,""Chr08"":50069212,""Chr09"":50252677,""Chr10"":54072095,""Chr11"":41087088,""Chr12"":44426372,""Chr13"":45907652,""Chr14"":52183306,""Chr15"":53556291,""Chr16"":39301939,""Chr17"":42590403,""Chr18"":59794380,""Chr19"":51739716,""Chr20"":50623760,""HiC_scaffold_1"":10883,""HiC_scaffold_11"":342013,""HiC_scaffold_17"":450040,""HiC_scaffold_23"":1549113,""HiC_scaffold_25"":59410,""HiC_scaffold_30"":502161,""HiC_scaffold_38"":203460,""HiC_scaffold_39"":1381580,""HiC_scaffold_4"":57151,""HiC_scaffold_40"":117671,""HiC_scaffold_41"":49010,""HiC_scaffold_42"":17945,""HiC_scaffold_43"":40335,""HiC_scaffold_44"":42005,""HiC_scaffold_45"":20227,""HiC_scaffold_46"":36105,""HiC_scaffold_47"":28070,""HiC_scaffold_48"":32690,""HiC_scaffold_49"":25724,""HiC_scaffold_50"":13556,""HiC_scaffold_51"":17579,""HiC_scaffold_6"":52641}"	76140	54502	76140	51722e652cb20ebc36a81f4135b9c9f04403bc3a4c90a9b96d11d176b49a4ee3	PASS
dea18b50f8dec9d4	soyod/Zi_Hua_4/gff/Zi_Hua_4.annotation.zip	Zi_Hua_4.annotation.gff	Zi_Hua_4	9965310	1780802954000000000	ec25ed47f41d5d78fc5d1c1f2e70034720837b33e47c7a254014f1c60bf2bf28	114339110	153180f2	373c9eab4b86d0b4	435489	0	plain	0	0	False	477350	1198497	"{""CDS"":435489,""exon"":477350,""five_prime_UTR"":81293,""gene"":54803,""mRNA"":78701,""three_prime_UTR"":70861}"	a37a2d04d6e4e7a9dbd8604d0b2316e076ee51e223ccf83b88796a82fc31be5a	114339110	GFF3	54803		0	0	0	0	35	"{""Chr01"":59513930,""Chr02"":53553404,""Chr03"":48602025,""Chr04"":52971439,""Chr05"":44107810,""Chr06"":54345072,""Chr07"":47243723,""Chr08"":50334748,""Chr09"":51920017,""Chr10"":54035343,""Chr11"":41540145,""Chr12"":43184383,""Chr13"":46912336,""Chr14"":52728120,""Chr15"":53695144,""Chr16"":38672606,""Chr17"":43309347,""Chr18"":60108693,""Chr19"":52308448,""Chr20"":53930511,""HiC_scaffold_15"":332090,""HiC_scaffold_2"":518870,""HiC_scaffold_21"":1534316,""HiC_scaffold_23"":36289,""HiC_scaffold_29"":289083,""HiC_scaffold_3"":130074,""HiC_scaffold_30"":37491,""HiC_scaffold_31"":16684,""HiC_scaffold_32"":23908,""HiC_scaffold_33"":13729,""HiC_scaffold_34"":24534,""HiC_scaffold_35"":24093,""HiC_scaffold_36"":132532,""HiC_scaffold_52"":138377,""HiC_scaffold_53"":148230}"	78701	54803	78701	51722e652cb20ebc36a81f4135b9c9f04403bc3a4c90a9b96d11d176b49a4ee3	PASS
