candidate_id	species	material_key	assembly_evidence	evidence_type	evidence_location	evidence_sha256	metadata_identifier	metadata_scientific_name	chromosome_prefix	source_repository	genbank_accession	bioproject	publication_doi	publication_title	public_access_level	license	error	status
01bd34ba2a35deea	Glycine max	ooyachi2	structural_proxy	LEGUMEINFO_README	https://data.legumeinfo.org/Glycine/max/genomes/Ooyachi2.gnm3.3469/README.Ooyachi2.gnm3.3469.yml	97d5754f83351accb11ab6a18f48007c9a689ab563b8104eb7be39de813df4b1	Ooyachi2.gnm3.3469	Glycine max	chr	https://www.ncbi.nlm.nih.gov/datasets/genome/GCA_046254675.1	GCA_046254675.1	.	10.1038/s41588-025-02113-5	The genomic landscape of gene-level structural variations in Japanese and global soybean Glycine max cultivars	public	open	.	PASS
0b4f69cb2f7e7490	Lupinus albus	amiga	structural_proxy	LEGUMEINFO_README	https://data.legumeinfo.org/Lupinus/albus/genomes/Amiga.gnm1.F4NR/README.Amiga.gnm1.F4NR.yml	e7b158e844076d874c1ab90aeb979dbf3ac4dc0d8ddb320911a6c782fd1cf7ab	Amiga.gnm1.F4NR	Lupinus albus	Lalb_Chr01,Lalb_Chr02,Lalb_Chr03,Lalb_Chr04,Lalb_Chr05,Lalb_Chr06,Lalb_Chr07,Lalb_Chr08,Lalb_Chr09,Lalb_Chr1,Lalb_Chr2,Lalb_mitochondrion,Lalb_chloroplast	https://www.whitelupin.fr/download.html	GCA_009771035.1	PRJNA575804	10.1038/s41467-019-14197-9	High-quality genome sequence of white lupin provides insight into soil exploration and seed quality.	public	open	.	PASS
0d0ef55ae6b0667a	Phaseolus coccineus	pcoc1	chromosome_official	NCBI_ASSEMBLY_REPORT	data/raw/legume_family/ncbi/Phaseolus_coccineus/Pcoc_1/assembly_report/GCA_037954025.1_Pcoc_1_assembly_report.txt	02aeab41f146b966599b7e2bd92d266ff76c736c8b2cfc32e7fc0725bf051680	.	.	.	.	GCA_037954025.1	.	.	.	public_repository	NCBI_SUBMITTER_RIGHTS_UNRESOLVED	license_review_required_ncbi_submitter_rights	LICENSE_REVIEW_REQUIRED
0d369ef4d174838f	Chamaecrista fasciculata	isc494698	structural_proxy	LEGUMEINFO_README	https://data.legumeinfo.org/Chamaecrista/fasciculata/genomes/ISC494698.gnm1_hap2.G6BY/README.ISC494698.gnm1_hap2.G6BY.yml	70c51805386671e516826e60628ea01e9c6b9b869db71e2150548f1310027c80	ISC494698.gnm1_hap2.G6BY	Chamaecrista fasciculata	Chr	https://phytozome-next.jgi.doe.gov/info/Cfasciculatavar_ISC494698HAP2_v1_1	.	.	.	.	public, restricted	Open, with usage agreement	license_review_required	LICENSE_REVIEW_REQUIRED
0dd3c819f44b67d7	Glycine max	wm82	structural_proxy	LEGUMEINFO_README	https://data.legumeinfo.org/Glycine/max/genomes/Wm82.gnm5.NRKG/README.Wm82.gnm5.NRKG.yml	41b371185a465751bf19993c81466960bb1bd05ae10ec91e02291836695dc99f	Wm82.gnm5.NRKG	Glycine max	Chr	https://doi.org/10.6084/m9.figshare.22688281.v3	.	.	10.1002/tpg2.20382	Near-gapless genome assemblies of Williams 82 and Lee cultivars for accelerating global soybean research	public	Open	.	PASS
0de0accd36af9193	Glycine max	zhangchunmancangjin	structural_proxy	LEGUMEINFO_README	https://data.legumeinfo.org/Glycine/max/genomes/ZhangChunManCangJin.gnm1.FC4Q/README.ZhangChunManCangJin.gnm1.FC4Q.yml	cd1ba26af2af88eb343302b49226800929c04ff2d636b6d2ce2bcafa7965003f	ZhangChunManCangJin.gnm1.FC4Q	Glycine max	Chr	https://ngdc.cncb.ac.cn/gwh/Genome/43/show	None	None	10.1016/j.cell.2020.05.023	Pan-Genome of Wild and Cultivated Soybeans	public	open	.	PASS
0df156cb56003e79	Glycine max	whfsgmwf710	chromosome_official	NCBI_ASSEMBLY_REPORT	data/raw/legume_family/ncbi/Glycine_max/WHFS_GmWF7_1.0/assembly_report/GCA_014282035.1_WHFS_GmWF7_1.0_assembly_report.txt	9da6360708b7a834f353ac5a1fcca7a6ac68d27738d347084d67db083c4cd251	.	.	.	.	GCA_014282035.1	.	.	.	public_repository	NCBI_SUBMITTER_RIGHTS_UNRESOLVED	license_review_required_ncbi_submitter_rights	LICENSE_REVIEW_REQUIRED
109ae664faca4799	Chamaecrista fasciculata	isc494698	structural_proxy	LEGUMEINFO_README	https://data.legumeinfo.org/Chamaecrista/fasciculata/genomes/ISC494698.gnm1.8Q19/README.ISC494698.gnm1.8Q19.yml	2d6098954ab0fba17d61dbeeb87b44b25798832f958a2c19e0175737dbdb7d1d	ISC494698.gnm1.8Q19	Chamaecrista fasciculata	Chr	https://phytozome-next.jgi.doe.gov/info/Cfasciculatavar_ISC494698HAP1_v1_1	.	.	.	.	public, restricted	Open, with usage agreement	license_review_required	LICENSE_REVIEW_REQUIRED
171869ade9f5b76e	Glycine max	jinyuaniga1006	structural_proxy	LEGUMEINFO_README	https://data.legumeinfo.org/Glycine/max/genomes/Jinyuan_IGA1006.gnm1.LXM0/README.Jinyuan_IGA1006.gnm1.LXM0.yml	f9e6fa585869283d324afbc875cf727921875ec6e1dbbb32433f31d2b2cfc2e5	Jinyuan_IGA1006.gnm1.LXM0	Glycine max	chr	https://sra-download.ncbi.nlm.nih.gov/traces/wgs01/wgs_aux/WI/XB/WIXB01/WIXB01.1.fsa_nt.gz	GCA_014282095.1	PRJNA561626	10.1038/s41597-021-00947-2	Eight soybean reference genome resources from varying latitudes and agronmic traits.	public	open	.	PASS
17884d0a84029a68	Vicia faba	hedin2	structural_proxy	LEGUMEINFO_README	https://data.legumeinfo.org/Vicia/faba/genomes/Hedin2.gnm1.06GS/README.Hedin2.gnm1.06GS.yml	fcae9299557bf5007724177fb124b6129c780a13d808ced6a37cdfbfa7394970	Hedin2.gnm1.06GS	Vicia faba	chr	https://projects.au.dk/fabagenome/genomics-data	None	PRJEB52541	10.1038/s41586-023-05791-5	The giant diploid faba genome unlocks variation in a global protein crop	public	Open	.	PASS
17921cb217286fc4	Bauhinia variegata	asm2237911v2	chromosome_official	NCBI_ASSEMBLY_REPORT	data/raw/legume_family/ncbi/Bauhinia_variegata/ASM2237911v2/assembly_report/GCA_022379115.2_ASM2237911v2_assembly_report.txt	a0c62caacf833fda7a1cef8424002284f65cf524a3e9fcad9570e569c665f530	.	.	.	.	GCA_022379115.2	.	.	.	public_repository	NCBI_SUBMITTER_RIGHTS_UNRESOLVED	license_review_required_ncbi_submitter_rights	LICENSE_REVIEW_REQUIRED
1815273b5e4ad094	Arachis hypogaea	tifrunner	structural_proxy	LEGUMEINFO_README	https://data.legumeinfo.org/Arachis/hypogaea/genomes/Tifrunner.gnm1.KYV3/README.Tifrunner.gnm1.KYV3.yml	d0da7487f9a1e4064507f6ab2c6694fb2d9e8d7b7a4df315da2773f8df0ba1b3	Tifrunner.gnm1.KYV3	Arachis hypogaea	Arahy	https://peanutbase.org/data/	PIVG00000000	PRJNA291488	10.1038/s41588-019-0405-z	The genome sequence of segmental allotetraploid peanut Arachis hypogaea	public	Open	.	PASS
1a700e8353f7effb	Medicago sativa	regensy27x	structural_proxy	LEGUMEINFO_README	https://data.legumeinfo.org/Medicago/sativa/genomes/RegenSY27x.gnm1_hap3.VMY5/README.RegenSY27x.gnm1_hap3.VMY5.yml	2c89def456f4c0724b4d0863575c80cc1a7b62a6fe99b9db16d1571a109639bc	RegenSY27x.gnm1_hap3.VMY5	Medicago sativa	Chr	.	.	.	.	.	public	Open, with usage agreement	source_missing;publication_missing	INCOMPLETE_METADATA
1be2867072344ebf	Glycine max	gmbrs537a1v2	chromosome_official	NCBI_ASSEMBLY_REPORT	data/raw/legume_family/ncbi/Glycine_max/GmBRS537.a1.v2/assembly_report/GCA_012273815.2_GmBRS537.a1.v2_assembly_report.txt	d575b1418a20d55aaa90356ed367de748a668a7ff9bf04d2575b54979a950011	.	.	.	.	GCA_012273815.2	.	.	.	public_repository	NCBI_SUBMITTER_RIGHTS_UNRESOLVED	license_review_required_ncbi_submitter_rights	LICENSE_REVIEW_REQUIRED
1cac6cdef48a6b1e	Glycine max	dongnongno50	structural_proxy	LEGUMEINFO_README	https://data.legumeinfo.org/Glycine/max/genomes/DongNongNo_50.gnm1.XRTN/README.DongNongNo_50.gnm1.XRTN.yml	ad7ffb1a961fcaabbda8aa065767da80a3c3ef798aa599b49ac579e3dbef8090	DongNongNo_50.gnm1.XRTN	Glycine max	Chr	https://ngdc.cncb.ac.cn/gwh/Genome/43/show	None	None	10.1016/j.cell.2020.05.023	Pan-Genome of Wild and Cultivated Soybeans	public	open	.	PASS
1e03257b23978be3	Arachis hypogaea	f07	structural_proxy	LEGUMEINFO_README	https://data.legumeinfo.org/Arachis/hypogaea/genomes/F07.gnm1.96DS/README.F07.gnm1.96DS.yml	a1361b9c4234251f46016fb83710e9a46e79a5a211e10fa88b040ac182dd8f19	F07.gnm1.96DS	Arachis hypogaea	chr	https://peanutbase.org/	.	.	None	None	public	Open, with usage agreement	license_review_required	LICENSE_REVIEW_REQUIRED
1e3747d1b9b74146	Phaseolus vulgaris	ui111	structural_proxy	LEGUMEINFO_README	https://data.legumeinfo.org/Phaseolus/vulgaris/genomes/UI111.gnm1.3VTM/README.UI111.gnm1.3VTM.yml	9c05a032bdd8cff16cfceb7dee2e10d56309d4fd8f878acfdd2d4b70ea6c4129	UI111.gnm1.3VTM	Phaseolus vulgaris	Chr	http://phytozome.jgi.doe.gov	.	None	.	.	public	open	.	PASS
1f214bea4d5a72fb	Glycine soja	pi578357	structural_proxy	LEGUMEINFO_README	https://data.legumeinfo.org/Glycine/soja/genomes/PI_578357.gnm1.1XT1/README.PI_578357.gnm1.1XT1.yml	30856e16de66e4b29b7a0bbbd33a71059a6d632b3c1de55b60710b3172979f75	PI_578357.gnm1.1XT1	Glycine soja	Chr	https://ngdc.cncb.ac.cn/gwh/Genome/250/show	None	None	10.1016/j.cell.2020.05.023	Pan-Genome of Wild and Cultivated Soybeans	public	open	.	PASS
1f47770d9ba1c1ad	Lupinus angustifolius	lupangtanjilv10	chromosome_official	NCBI_ASSEMBLY_REPORT	data/raw/legume_family/ncbi/Lupinus_angustifolius/LupAngTanjil_v1.0/assembly_report/GCF_001865875.1_LupAngTanjil_v1.0_assembly_report.txt	404d449315c0c3ca3ba19d415f3b80f641ce3862be0218b6c3db848709400946	.	.	.	.	GCA_001865875.1	.	.	.	public_repository	NCBI_SUBMITTER_RIGHTS_UNRESOLVED	license_review_required_ncbi_submitter_rights	LICENSE_REVIEW_REQUIRED
2190c3d385555d34	Medicago sativa	regensy27x	structural_proxy	LEGUMEINFO_README	https://data.legumeinfo.org/Medicago/sativa/genomes/RegenSY27x.gnm1.2W3Y/README.RegenSY27x.gnm1.2W3Y.yml	e9ec8a900e7b014f7f696aa5482aa6db7c4a4786fd8746c685b9c430b1cb7fbd	RegenSY27x.gnm1.2W3Y	Medicago sativa	Chr	.	.	.	.	.	public	Open, with usage agreement	source_missing;publication_missing	INCOMPLETE_METADATA
24b40cf02b3d8889	Glycine max	miyagishirome	structural_proxy	LEGUMEINFO_README	https://data.legumeinfo.org/Glycine/max/genomes/Miyagishirome.gnm3.5Z0W/README.Miyagishirome.gnm3.5Z0W.yml	2ba0518a75e33128e95fc413d8d4067383dcac9ef3bf3e40256963517d5c9305	Miyagishirome.gnm3.5Z0W	Glycine max	chr	https://www.ncbi.nlm.nih.gov/datasets/genome/GCA_046254695.1	GCA_046254695.1	.	10.1038/s41588-025-02113-5	The genomic landscape of gene-level structural variations in Japanese and global soybean Glycine max cultivars	public	open	.	PASS
257bdc8c02ae8e94	Glycine soja	pi562565	structural_proxy	LEGUMEINFO_README	https://data.legumeinfo.org/Glycine/soja/genomes/PI_562565.gnm1.Z2VG/README.PI_562565.gnm1.Z2VG.yml	ebcf26e57640b5b414102f750624556f79627e4ddf966c167e8193a6e199ace5	PI_562565.gnm1.Z2VG	Glycine soja	Chr	https://ngdc.cncb.ac.cn/gwh/Genome/250/show	None	None	10.1016/j.cell.2020.05.023	Pan-Genome of Wild and Cultivated Soybeans	public	open	.	PASS
26cafc21598b8a1f	Glycine max	xudouno1	structural_proxy	LEGUMEINFO_README	https://data.legumeinfo.org/Glycine/max/genomes/XuDouNo_1.gnm1.0GWH/README.XuDouNo_1.gnm1.0GWH.yml	a6f9b08a86db0f1c1a7625e881085d910e134d3feb813de3df2201866739fb6b	XuDouNo_1.gnm1.0GWH	Glycine max	Chr	https://ngdc.cncb.ac.cn/gwh/Genome/43/show	None	None	10.1016/j.cell.2020.05.023	Pan-Genome of Wild and Cultivated Soybeans	public	open	.	PASS
282a2bc92d129efa	Senna tora	asm1485142v1	chromosome_official	NCBI_ASSEMBLY_REPORT	data/raw/legume_family/ncbi/Senna_tora/ASM1485142v1/assembly_report/GCA_014851425.1_ASM1485142v1_assembly_report.txt	24fec9179afb9a6cc99dc7e3dff940fb7655006587ba3f1a30de82cc7efae138	.	.	.	.	GCA_014851425.1	.	.	.	public_repository	NCBI_SUBMITTER_RIGHTS_UNRESOLVED	license_review_required_ncbi_submitter_rights	LICENSE_REVIEW_REQUIRED
29502e1062edfe93	Medicago truncatula	r108	structural_proxy	LEGUMEINFO_README	https://data.legumeinfo.org/Medicago/truncatula/genomes/R108.gnmHiC_1.7RWS/README.R108.gnmHiC_1.7RWS.yml	7eba3aa019776f30b53a858f545fd498bf5c4316e19a1798db1d588c443f5175	R108.gnmHiC_1.7RWS	Medicago truncatula	chr	https://www.dnazoo.org/assemblies/Medicago_truncatula	.	PRJNA512907	10.3390/ijms22094326	Delineating the Tnt1 Insertion Landscape of the Model Legume Medicago truncatula cv. R108 at the Hi-C Resolution Using a Chromosome-Length Genome Assembly	public	Open	.	PASS
2b995edfcb89c886	Pisum sativum	zw6	structural_proxy	LEGUMEINFO_README	https://data.legumeinfo.org/Pisum/sativum/genomes/ZW6.gnm1.D8R1/README.ZW6.gnm1.D8R1.yml	717873b20bae982f43e5dcb0c4eaa185322cc77897360f69fd611f3064b353c3	ZW6.gnm1.D8R1	Pisum sativum	chr	https://doi.org/10.5281/zenodo.6622409	GCA_024323335.2	.	10.1101/2024.05.31.596837	Genomic and Genetic Insights into Mendel’s Pea Genes	public, restricted	Open, with usage agreement	license_review_required	LICENSE_REVIEW_REQUIRED
2c2bfa188a2ecbed	Glycine max	wm82	structural_proxy	LEGUMEINFO_README	https://data.legumeinfo.org/Glycine/max/genomes/Wm82.gnm4.4PTR/README.Wm82.gnm4.4PTR.yml	ac5826a64fbecba7a79791f953f880f731625d148d46e91530d125ce34fa3ea0	Wm82.gnm4.4PTR	Glycine max	Gm	http://phytozome.jgi.doe.gov	.	PRJNA19861	10.1111/tpj.14500	Construction and comparison of three reference-quality genome assemblies for soybean	public	Open	.	PASS
2ca78acb5d4cc2d1	Vigna radiata	weilv9	structural_proxy	LEGUMEINFO_README	https://data.legumeinfo.org/Vigna/radiata/genomes/Weilv-9.gnm1.5TZZ/README.Weilv-9.gnm1.5TZZ.yml	b8e3004ba3257de0cb2e74ce49c416bd8fc85381aa0d2edca868cb9914ccd588	Weilv-9.gnm1.5TZZ	Vigna radiata	chr,Pt,Mt	https://ngdc.cncb.ac.cn/gwh/Assembly/83514/show	.	.	10.1093/hr/uhae337	Telomere-to-telomere, gap-free genome of mung bean (Vigna radiata) provides insights into domestication under structural variation	public	open	.	PASS
2e6270d00994b4eb	Cajanus cajan	ccajanv11	chromosome_official	NCBI_ASSEMBLY_REPORT	data/raw/legume_family/ncbi/Cajanus_cajan/C.cajan_V1.1/assembly_report/GCF_000340665.2_C.cajan_V1.1_assembly_report.txt	d70d7544829612636665515f4754c028c60d43c36245e34f5b75bf243d36f24b	.	.	.	.	GCA_000340665.2	.	.	.	public_repository	NCBI_SUBMITTER_RIGHTS_UNRESOLVED	license_review_required_ncbi_submitter_rights	LICENSE_REVIEW_REQUIRED
338b426684d64480	Chamaecrista fasciculata	isc494698	structural_proxy	LEGUMEINFO_README	https://data.legumeinfo.org/Chamaecrista/fasciculata/genomes/ISC494698.gnm1_hap2.G6BY/README.ISC494698.gnm1_hap2.G6BY.yml	70c51805386671e516826e60628ea01e9c6b9b869db71e2150548f1310027c80	ISC494698.gnm1_hap2.G6BY	Chamaecrista fasciculata	Chr	https://phytozome-next.jgi.doe.gov/info/Cfasciculatavar_ISC494698HAP2_v1_1	.	.	.	.	public, restricted	Open, with usage agreement	license_review_required	LICENSE_REVIEW_REQUIRED
351b9be376cc7087	Glycine max	pi398296	structural_proxy	LEGUMEINFO_README	https://data.legumeinfo.org/Glycine/max/genomes/PI_398296.gnm1.D07C/README.PI_398296.gnm1.D07C.yml	42bea4d96c36faba7b577c02859881a0600a7716b75b01fde1ef36fb2ead642f	PI_398296.gnm1.D07C	Glycine max	Chr	https://ngdc.cncb.ac.cn/gwh/Genome/43/show	None	None	10.1016/j.cell.2020.05.023	Pan-Genome of Wild and Cultivated Soybeans	public	open	.	PASS
355a2916e13df156	Glycine max	lee	structural_proxy	LEGUMEINFO_README	https://data.legumeinfo.org/Glycine/max/genomes/Lee.gnm1.BXNC/README.Lee.gnm1.BXNC.yml	c330aff0a2f37854642aa8d2ddfdcb2fad685144008b327c5aa304187decddb4	Lee.gnm1.BXNC	Glycine max	Gm	.	PELE00000000	PRJNA407817	10.1111/tpj.14500	Construction and comparison of three reference-quality genome assemblies for soybean	public	Open	.	PASS
369c80713ac67768	Vigna unguiculata	suvita2	structural_proxy	LEGUMEINFO_README	https://data.legumeinfo.org/Vigna/unguiculata/genomes/Suvita2.gnm1.5QLL/README.Suvita2.gnm1.5QLL.yml	e5202b24d8e47b60022146dc3a28de44f845a8bce6ba4f4d6def50bee07526c0	Suvita2.gnm1.5QLL	Vigna unguiculata	chr	.	.	.	10.1002/tpg2.20319	A view of the pan-genome of domesticated Cowpea (Vigna unguiculata [L.] Walp.)	.	.	license_review_required	LICENSE_REVIEW_REQUIRED
384c291022a64cb6	Glycine max	whfsgmzh1310	chromosome_official	NCBI_ASSEMBLY_REPORT	data/raw/legume_family/ncbi/Glycine_max/WHFS_GmZH13_1.0/assembly_report/GCA_014282085.1_WHFS_GmZH13_1.0_assembly_report.txt	5fe55774ee6630c8365741c3877e4330401543567be4b2e689ab3caced1ddf5b	.	.	.	.	GCA_014282085.1	.	.	.	public_repository	NCBI_SUBMITTER_RIGHTS_UNRESOLVED	license_review_required_ncbi_submitter_rights	LICENSE_REVIEW_REQUIRED
391e92e38f9fb945	Crotalaria pallida	cpal1	chromosome_official	NCBI_ASSEMBLY_REPORT	data/raw/legume_family/ncbi/Crotalaria_pallida/Cpal_1/assembly_report/GCA_037953625.1_Cpal_1_assembly_report.txt	e3726781cf0f3e91a6bf8f81167fb3f9401a148c54ddc602df9442f1e6648a3a	.	.	.	.	GCA_037953625.1	.	.	.	public_repository	NCBI_SUBMITTER_RIGHTS_UNRESOLVED	license_review_required_ncbi_submitter_rights	LICENSE_REVIEW_REQUIRED
3ac8f18302bca5ce	Glycine max	jack	structural_proxy	LEGUMEINFO_README	https://data.legumeinfo.org/Glycine/max/genomes/Jack.gnm3.05MK/README.Jack.gnm3.05MK.yml	cc494cd0c2b5188b6c81330d21d8b18baa7145529f1101e704fb76d90a1c2b26	Jack.gnm3.05MK	Glycine max	chr	https://www.ncbi.nlm.nih.gov/datasets/genome/GCA_046254605.1	GCA_046254605.1	.	10.1038/s41588-025-02113-5	The genomic landscape of gene-level structural variations in Japanese and global soybean Glycine max cultivars	public	open	.	PASS
3b5c89322ad7aa01	Glycine max	lee	structural_proxy	LEGUMEINFO_README	https://data.legumeinfo.org/Glycine/max/genomes/Lee.gnm2.K7BV/README.Lee.gnm2.K7BV.yml	602f5b09a7fb0d18bd76b99be50b06c3ca9b7cb59ddf7197957b124094256543	Lee.gnm2.K7BV	Glycine max	Chr	https://cegresources.icrisat.org/data_public/legumepedia_data/Glycine_max/Genome/Gma.genome.fa.gz	.	PRJNA679437	10.1016/j.jare.2021.10.009	Chromosome-length genome assemblies of six legume species provide insights into genome organization, evolution, and agronomic traits for crop improvement	public	Open	.	PASS
3b922ebbef5d2263	Glycine max	harosoy	structural_proxy	LEGUMEINFO_README	https://data.legumeinfo.org/Glycine/max/genomes/Harosoy.gnm3.TKJB/README.Harosoy.gnm3.TKJB.yml	a750d43636b8c0a7b5fda9c055664773a541b34f67b40e50edd23f2df43f4dde	Harosoy.gnm3.TKJB	Glycine max	chr	https://www.ncbi.nlm.nih.gov/datasets/genome/GCA_046254585.1	GCA_046254585.1	.	10.1038/s41588-025-02113-5	The genomic landscape of gene-level structural variations in Japanese and global soybean Glycine max cultivars	public	open	.	PASS
3cc0ae79d13d49a9	Vicia faba	hedin2genomev1	chromosome_official	NCBI_ASSEMBLY_REPORT	data/raw/legume_family/ncbi/Vicia_faba/Hedin2_genome_v1/assembly_report/GCA_948472305.1_Hedin2_genome_v1_assembly_report.txt	fde3737803b7216d436a362cfb2aa58c4669b7806ed10b197faa42c7e88c6783	.	.	.	.	GCA_948472305.1	.	.	.	public_repository	NCBI_SUBMITTER_RIGHTS_UNRESOLVED	license_review_required_ncbi_submitter_rights	LICENSE_REVIEW_REQUIRED
3d10e4cb7b76e2b3	Vigna unguiculata	sanzi	structural_proxy	LEGUMEINFO_README	https://data.legumeinfo.org/Vigna/unguiculata/genomes/Sanzi.gnm1.YNCM/README.Sanzi.gnm1.YNCM.yml	89681bba4f3884260e3b88d5365d056965c48c575650258e895a2633520289af	Sanzi.gnm1.YNCM	Vigna unguiculata	chr	.	.	.	10.1002/tpg2.20319	A view of the pan-genome of domesticated Cowpea (Vigna unguiculata [L.] Walp.)	.	.	license_review_required	LICENSE_REVIEW_REQUIRED
3e10267861bb14ef	Glycine max	yudouno22	structural_proxy	LEGUMEINFO_README	https://data.legumeinfo.org/Glycine/max/genomes/YuDouNo_22.gnm1.T2VD/README.YuDouNo_22.gnm1.T2VD.yml	47f47ec32b41abae013b6c4184c1bdb28b3b74d3cf5b23528e8b0a697019f8c6	YuDouNo_22.gnm1.T2VD	Glycine max	Chr	https://ngdc.cncb.ac.cn/gwh/Genome/43/show	None	None	10.1016/j.cell.2020.05.023	Pan-Genome of Wild and Cultivated Soybeans	public	open	.	PASS
3f2bcde8b6efba1f	Phaseolus vulgaris	5593	structural_proxy	LEGUMEINFO_README	https://data.legumeinfo.org/Phaseolus/vulgaris/genomes/5-593.gnm1.1P7P/README.5-593.gnm1.1P7P.yml	31e2dbbcbc088f7370de89b4b3bd3d87283fe0307ce58cf3c8241da38d1f39e9	5-593.gnm1.1P7P	Phaseolus vulgaris	Chr	https://phytozome-next.jgi.doe.gov/info/Pvulgaris5_593_v1_1	.	.	10.1093/nar/gkr944	.	public	open	.	PASS
3fe09b71145ae91f	Flemingia macrophylla	asm4316530v1	chromosome_official	NCBI_ASSEMBLY_REPORT	data/raw/legume_family/ncbi/Flemingia_macrophylla/ASM4316530v1/assembly_report/GCA_043165305.1_ASM4316530v1_assembly_report.txt	d375a9b218fcd20ebe6a36913ddcb08dfc06f877c15b66537438781e0bf466e3	.	.	.	.	GCA_043165305.1	.	.	.	public_repository	NCBI_SUBMITTER_RIGHTS_UNRESOLVED	license_review_required_ncbi_submitter_rights	LICENSE_REVIEW_REQUIRED
3fe9bfb7c8321201	Phaseolus vulgaris	ciatinb841v10	chromosome_official	NCBI_ASSEMBLY_REPORT	data/raw/legume_family/ncbi/Phaseolus_vulgaris/CIAT_INB841_v1.0/assembly_report/GCA_051991295.1_CIAT_INB841_v1.0_assembly_report.txt	950c8aa16dcb8720919a568200cb485e876821541b4dbe85d1705333fcd77464	.	.	.	.	GCA_051991295.1	.	.	.	public_repository	NCBI_SUBMITTER_RIGHTS_UNRESOLVED	license_review_required_ncbi_submitter_rights	LICENSE_REVIEW_REQUIRED
42e6902fc05e0c1a	Glycine max	yundou1	t2t_label	.	.	.	.	.	.	.	.	.	.	.	.	.	no auditable source metadata resolver for this source	PENDING_NO_RESOLVER
430c5927b868f32b	Phaseolus vulgaris	g19833	structural_proxy	LEGUMEINFO_README	https://data.legumeinfo.org/Phaseolus/vulgaris/genomes/G19833.gnm2.fC0g/README.G19833.gnm2.fC0g.yml	23208f86c37b4eb35a031e851e1ca38da5e4a2bc87b5643dac28fed3624c458f	G19833.gnm2.fC0g	Phaseolus vulgaris	Chr	http://phytozome.jgi.doe.gov	.	.	10.1093/nar/gkr944	.	public	open	.	PASS
4645d6726b4bfd2d	Arachis hypogaea	hn873	complete_genome	NCBI_ASSEMBLY_REPORT	data/raw/legume_family/ncbi/Arachis_hypogaea/HN873/assembly_report/GCA_039852645.1_HN873_assembly_report.txt	36c9f8d2a1a3f2c37d3e5f629f7e1a4f1214d50eedf6b4cca08458e115da8d16	.	.	.	.	GCA_039852645.1	.	.	.	public_repository	NCBI_SUBMITTER_RIGHTS_UNRESOLVED	license_review_required_ncbi_submitter_rights	LICENSE_REVIEW_REQUIRED
473d96afd6793658	Glycine max	whfsgmjy10	chromosome_official	NCBI_ASSEMBLY_REPORT	data/raw/legume_family/ncbi/Glycine_max/WHFS_GmJY_1.0/assembly_report/GCA_014282095.1_WHFS_GmJY_1.0_assembly_report.txt	c9adff1933fe6ebfdb46c566408fd4aa5a63ec9d7a2468d4d493488de585b615	.	.	.	.	GCA_014282095.1	.	.	.	public_repository	NCBI_SUBMITTER_RIGHTS_UNRESOLVED	license_review_required_ncbi_submitter_rights	LICENSE_REVIEW_REQUIRED
484ac27242746eae	Glycine max	zh13	t2t_label	.	.	.	.	.	.	.	.	.	.	.	.	.	no auditable source metadata resolver for this source	PENDING_NO_RESOLVER
497b450b64c4d6f9	Lupinus albus	cnrslalb10	chromosome_official	NCBI_ASSEMBLY_REPORT	data/raw/legume_family/ncbi/Lupinus_albus/CNRS_Lalb_1.0/assembly_report/GCA_009771035.1_CNRS_Lalb_1.0_assembly_report.txt	2d796b701658363b178243583f46c63423458428c7ad8471547f5f80d4b0b965	.	.	.	.	GCA_009771035.1	.	.	.	public_repository	NCBI_SUBMITTER_RIGHTS_UNRESOLVED	license_review_required_ncbi_submitter_rights	LICENSE_REVIEW_REQUIRED
4c0bceedcb720407	Psophocarpus tetragonolobus	ptet1	chromosome_official	NCBI_ASSEMBLY_REPORT	data/raw/legume_family/ncbi/Psophocarpus_tetragonolobus/Ptet_1/assembly_report/GCA_037954015.1_Ptet_1_assembly_report.txt	3180604c49d5762ee2adf9864b4646bf0c4ee3f518167d2c87836f4ba1c830c6	.	.	.	.	GCA_037954015.1	.	.	.	public_repository	NCBI_SUBMITTER_RIGHTS_UNRESOLVED	license_review_required_ncbi_submitter_rights	LICENSE_REVIEW_REQUIRED
4c1c1d74d7e6a870	Glycine syndetika	g1300	structural_proxy	LEGUMEINFO_README	https://data.legumeinfo.org/Glycine/syndetika/genomes/G1300.gnm1.C11H/README.G1300.gnm1.C11H.yml	20c28698f1d9273716f09a3c3999ca57c6c93c8f4622e4f781e0146740b86376	G1300.gnm1.C11H	Glycine syndetika	Chr	https://www.ncbi.nlm.nih.gov/bioproject/?term=prjna503746	.	PRJNA503746	10.1038/s41477-022-01102-4	Phylogenomics of the genus Glycine sheds light on polyploid evolution and life-strategy transition	public	open	.	PASS
4f2ba84ef83f10b4	Arachis hypogaea	hn51	complete_genome	NCBI_ASSEMBLY_REPORT	data/raw/legume_family/ncbi/Arachis_hypogaea/HN51/assembly_report/GCA_039852515.1_HN51_assembly_report.txt	eb74ea24aef156e3082486a53c820d5bb22f23da63418d58b49b09782b1d5e8c	.	.	.	.	GCA_039852515.1	.	.	.	public_repository	NCBI_SUBMITTER_RIGHTS_UNRESOLVED	license_review_required_ncbi_submitter_rights	LICENSE_REVIEW_REQUIRED
539814fd4ada940f	Glycine max	fukuyutaka	structural_proxy	LEGUMEINFO_README	https://data.legumeinfo.org/Glycine/max/genomes/Fukuyutaka.gnm3.424H/README.Fukuyutaka.gnm3.424H.yml	ded08e1ed4b1d86a3efece678bf29ef1c55bfcbc8ccf1f901b307f5312eea75d	Fukuyutaka.gnm3.424H	Glycine max	chr	https://www.ncbi.nlm.nih.gov/datasets/genome/GCA_046254725.1	GCA_046254725.1	.	10.1038/s41588-025-02113-5	The genomic landscape of gene-level structural variations in Japanese and global soybean Glycine max cultivars	public	open	.	PASS
56bc7c342b765b44	Glycine soja	pi549046	structural_proxy	LEGUMEINFO_README	https://data.legumeinfo.org/Glycine/soja/genomes/PI_549046.gnm1.TSLF/README.PI_549046.gnm1.TSLF.yml	4c59693a8bb1e940f1ff413fad161d006271d4d3d8c5fc1ba63466f6d65cf229	PI_549046.gnm1.TSLF	Glycine soja	Chr	https://ngdc.cncb.ac.cn/gwh/Genome/250/show	None	None	10.1016/j.cell.2020.05.023	Pan-Genome of Wild and Cultivated Soybeans	public	open	.	PASS
5844dd514643bfc4	Glycine max	fiskebyiii	structural_proxy	LEGUMEINFO_README	https://data.legumeinfo.org/Glycine/max/genomes/FiskebyIII.gnm1.F177/README.FiskebyIII.gnm1.F177.yml	78ed21a188ab099b9ddb37c054a73868b9a0801f7f1889aedd7c103becacd7a4	FiskebyIII.gnm1.F177	Glycine max	Gm	http://phytozome.jgi.doe.gov/info/GmaxFiskeby_v1_1	.	.	.	.	public	Open	.	PASS
58846353edbf3856	Glycine soja	yesheng71	t2t_label	.	.	.	.	.	.	.	.	.	.	.	.	.	no auditable source metadata resolver for this source	PENDING_NO_RESOLVER
59c41dffc41a6f25	Cercis canadensis	isc453364	structural_proxy	LEGUMEINFO_README	https://data.legumeinfo.org/Cercis/canadensis/genomes/ISC453364.gnm3.GWXB/README.ISC453364.gnm3.GWXB.yml	1970f4fbb666893af8ccc2fb4ea69fdaa0c16b77e9bcf7189f4f59d66be1f0ad	ISC453364.gnm3.GWXB	Cercis canadensis	Chr	https://phytozome-next.jgi.doe.gov/info/GmaxWm82ISU_01_v2_1	.	.	.	.	public, restricted	Open, with usage agreement	license_review_required	LICENSE_REVIEW_REQUIRED
5e1a6f42336f1a1f	Glycine falcata	g1718	structural_proxy	LEGUMEINFO_README	https://data.legumeinfo.org/Glycine/falcata/genomes/G1718.gnm1.B1PY/README.G1718.gnm1.B1PY.yml	48d74541abe2314cf00656944d9fb8ad20e08350af047fd1bd9a316daaa5ef2d	G1718.gnm1.B1PY	Glycine falcata	Chr	https://www.ncbi.nlm.nih.gov/bioproject/?term=prjna503746	.	PRJNA503746	10.1038/s41477-022-01102-4	Phylogenomics of the genus Glycine sheds light on polyploid evolution and life-strategy transition	public	open	.	PASS
5e5305f82c9763d9	Spatholobus suberectus	asm432916v1	chromosome_official	NCBI_ASSEMBLY_REPORT	data/raw/legume_family/ncbi/Spatholobus_suberectus/ASM432916v1/assembly_report/GCA_004329165.1_ASM432916v1_assembly_report.txt	50517d1274540750873aec7c031a9f72dddb6d9101ffad5751ce0c4052410827	.	.	.	.	GCA_004329165.1	.	.	.	public_repository	NCBI_SUBMITTER_RIGHTS_UNRESOLVED	license_review_required_ncbi_submitter_rights	LICENSE_REVIEW_REQUIRED
5edfa45b3bdba07c	Lotus japonicus	ljgifuv12	chromosome_official	NCBI_ASSEMBLY_REPORT	data/raw/legume_family/ncbi/Lotus_japonicus/LjGifu_v1.2/assembly_report/GCF_012489685.1_LjGifu_v1.2_assembly_report.txt	311f56c997d6762be8b6a9fc622e4dffb3f3f1f8447e7d9159e99007f12bf4da	.	.	.	.	GCA_012489685.2	.	.	.	public_repository	NCBI_SUBMITTER_RIGHTS_UNRESOLVED	license_review_required_ncbi_submitter_rights	LICENSE_REVIEW_REQUIRED
5f25bd9cfe3467d5	Glycine max	qihuangno34	structural_proxy	LEGUMEINFO_README	https://data.legumeinfo.org/Glycine/max/genomes/QiHuangNo_34.gnm1.MB9G/README.QiHuangNo_34.gnm1.MB9G.yml	67d7672e54d36eb4c50b40d62eee4cd1d94e88c5074c9816c2b16e550f08335d	QiHuangNo_34.gnm1.MB9G	Glycine max	Chr	https://ngdc.cncb.ac.cn/gwh/Genome/43/show	None	None	10.1016/j.cell.2020.05.023	Pan-Genome of Wild and Cultivated Soybeans	public	open	.	PASS
5f7c4f84932c68e5	Glycine max	wm82	structural_proxy	LEGUMEINFO_README	https://data.legumeinfo.org/Glycine/max/genomes/Wm82.gnm6.S97D/README.Wm82.gnm6.S97D.yml	819589d29836e85d9a00f3c8d49f65a1251288592f06c6523653fdf0782d8684	Wm82.gnm6.S97D	Glycine max	Gm	https://phytozome-next.jgi.doe.gov/info/Gmax_Wm82_a6_v1	.	.	.	Assembly, comparative analysis, and utilization of a single haplotype reference genome for soybean	public	Open, with usage agreement	license_review_required	LICENSE_REVIEW_REQUIRED
602fdebe64673b64	Canavalia gladiata	cgla1	chromosome_official	NCBI_ASSEMBLY_REPORT	data/raw/legume_family/ncbi/Canavalia_gladiata/Cgla_1/assembly_report/GCA_037954105.1_Cgla_1_assembly_report.txt	a68e7d593a0483e1f0339e0e7c6d42e2c88322fb036492122855adda3c5b9a74	.	.	.	.	GCA_037954105.1	.	.	.	public_repository	NCBI_SUBMITTER_RIGHTS_UNRESOLVED	license_review_required_ncbi_submitter_rights	LICENSE_REVIEW_REQUIRED
613e5d02eee44955	Glycine soja	whfsgsojaf10	chromosome_official	NCBI_ASSEMBLY_REPORT	data/raw/legume_family/ncbi/Glycine_soja/WHFS_GsojaF_1.0/assembly_report/GCA_014282345.1_WHFS_GsojaF_1.0_assembly_report.txt	645eb618b2ab20e7293cd419ce81ae57263192a608019e0126602530a88a77f3	.	.	.	.	GCA_014282345.1	.	.	.	public_repository	NCBI_SUBMITTER_RIGHTS_UNRESOLVED	license_review_required_ncbi_submitter_rights	LICENSE_REVIEW_REQUIRED
61500660d0e2a930	Arachis hypogaea	asm371315v1	chromosome_official	NCBI_ASSEMBLY_REPORT	data/raw/legume_family/ncbi/Arachis_hypogaea/ASM371315v1/assembly_report/GCA_003713155.1_ASM371315v1_assembly_report.txt	2c3e4238ff2345cdb5ecd4e811a50deea4e459483c7bf892492cff040f3f3bce	.	.	.	.	GCA_003713155.1	.	.	.	public_repository	NCBI_SUBMITTER_RIGHTS_UNRESOLVED	license_review_required_ncbi_submitter_rights	LICENSE_REVIEW_REQUIRED
61894c4aea5cf5df	Glycine max	zhutwinning2	structural_proxy	LEGUMEINFO_README	https://data.legumeinfo.org/Glycine/max/genomes/Zhutwinning2.gnm1.GR6N/README.Zhutwinning2.gnm1.GR6N.yml	f61c98af100669631010e7a379f551fe8ba26711d35ebed2ec73182944c96eb7	Zhutwinning2.gnm1.GR6N	Glycine max	Chr	https://ngdc.cncb.ac.cn/gwh/Genome/43/show	None	None	10.1016/j.cell.2020.05.023	Pan-Genome of Wild and Cultivated Soybeans	public	open	.	PASS
6397eb32949b6af5	Vigna unguiculata	ucr779	structural_proxy	LEGUMEINFO_README	https://data.legumeinfo.org/Vigna/unguiculata/genomes/UCR779.gnm1.M7KZ/README.UCR779.gnm1.M7KZ.yml	776e43f19ca67133c51e57facb25820b40ac20fab52672be3079dbb243d94c1d	UCR779.gnm1.M7KZ	Vigna unguiculata	chr	.	.	.	10.1002/tpg2.20319	A view of the pan-genome of domesticated Cowpea (Vigna unguiculata [L.] Walp.)	.	.	license_review_required	LICENSE_REVIEW_REQUIRED
667ae3303395f049	Glycine max	jidouno17	structural_proxy	LEGUMEINFO_README	https://data.legumeinfo.org/Glycine/max/genomes/JiDouNo_17.gnm1.MRYM/README.JiDouNo_17.gnm1.MRYM.yml	6c04674e7f99984ca42d4d6db1ac3aaf2337a1969a42a8fb4d4c0853217a2f26	JiDouNo_17.gnm1.MRYM	Glycine max	Chr	https://ngdc.cncb.ac.cn/gwh/Genome/43/show	None	None	10.1016/j.cell.2020.05.023	Pan-Genome of Wild and Cultivated Soybeans	public	open	.	PASS
68f812ed7a08d2f9	Glycine stenophita	g1974	structural_proxy	LEGUMEINFO_README	https://data.legumeinfo.org/Glycine/stenophita/genomes/G1974.gnm1.7MZB/README.G1974.gnm1.7MZB.yml	12b331711f8400468abe9b95199dd5f108b88787e1204683c2945613283085b8	G1974.gnm1.7MZB	Glycine stenophiyta	Chr	https://www.ncbi.nlm.nih.gov/bioproject/?term=prjna503746	.	PRJNA503746	10.1038/s41477-022-01102-4	Phylogenomics of the genus Glycine sheds light on polyploid evolution and life-strategy transition	public	open	.	PASS
6935c73bd3792804	Glycine max	kosuzu	structural_proxy	LEGUMEINFO_README	https://data.legumeinfo.org/Glycine/max/genomes/Kosuzu.gnm3.9GPW/README.Kosuzu.gnm3.9GPW.yml	f19b01686ace054f1f6c3050fa355f6cc5581f8c95666aaa0821bdbdac705ebc	Kosuzu.gnm3.9GPW	Glycine max	chr	https://www.ncbi.nlm.nih.gov/datasets/genome/GCA_046254715.1	GCA_046254715.1	.	10.1038/s41588-025-02113-5	The genomic landscape of gene-level structural variations in Japanese and global soybean Glycine max cultivars	public	open	.	PASS
6ad3d7c855c721ce	Vigna angularis	shumari	structural_proxy	LEGUMEINFO_README	https://data.legumeinfo.org/Vigna/angularis/genomes/Shumari.gnm1.V0CS/README.Shumari.gnm1.V0CS.yml	bb487ade65ab270ca529d913670b4ae7961aebb6484be3f542850b6d2a6ad7ad	Shumari.gnm1.V0CS	Vigna angularis	Chr	http://viggs.dna.affrc.go.jp/	.	.	10.1038/srep16780	The power of single molecule real-time sequencing technology in the de novo assembly of a eukaryotic genome	public	open	.	PASS
6b1673473c52ff69	Glycine max	tanba	structural_proxy	LEGUMEINFO_README	https://data.legumeinfo.org/Glycine/max/genomes/Tanba.gnm3.4HTT/README.Tanba.gnm3.4HTT.yml	8436821862ef48be2c6491cb02f4711f06fd18b8b2825cfa0d83302f65c4f93f	Tanba.gnm3.4HTT	Glycine max	chr	https://www.ncbi.nlm.nih.gov/datasets/genome/GCA_046254615.1	GCA_046254615.1	.	10.1038/s41588-025-02113-5	The genomic landscape of gene-level structural variations in Japanese and global soybean Glycine max cultivars	public	open	.	PASS
6d05c41e960f6f2d	Glycine max	wm82	structural_proxy	LEGUMEINFO_README	https://data.legumeinfo.org/Glycine/max/genomes/Wm82.gnm1.FCtY/README.Wm82.gnm1.FCtY.yml	643ed1b4ebeb555f8dbcb75ded9c0b5ee6628136103a89becb3b03d6f081d504	Wm82.gnm1.FCtY	Glycine max	Gm	http://phytozome.jgi.doe.gov	.	None	10.1038/nature08670	Genome sequence of the palaeopolyploid soybean	public	Open	.	PASS
6d318d195b2a060f	Cajanus cajan	ccajanv10	chromosome_official	NCBI_ASSEMBLY_REPORT	data/raw/legume_family/ncbi/Cajanus_cajan/C.cajan_V1.0/assembly_report/GCF_000340665.1_C.cajan_V1.0_assembly_report.txt	e4d5c679975c8a07fed1bf5d976a5cb1b32f2fde4028184d535faf28362a52ed	.	.	.	.	GCA_000340665.1	.	.	.	public_repository	NCBI_SUBMITTER_RIGHTS_UNRESOLVED	license_review_required_ncbi_submitter_rights	LICENSE_REVIEW_REQUIRED
6d38dcb5c92d95c2	Glycine max	wm82njau	structural_proxy	LEGUMEINFO_README	https://data.legumeinfo.org/Glycine/max/genomes/Wm82_NJAU.gnm1.N4GV/README.Wm82_NJAU.gnm1.N4GV.yml	81d193f156ec48cc75085c99c8a301f8bdbfe68efa396560e8e79a0977e70749	Wm82_NJAU.gnm1.N4GV	Glycine max	Gm	https://ngdc.cncb.ac.cn/gwh/Assembly/37536/show	.	.	10.1016/j.molp.2023.08.012	A telomere-to-telomere gap-free assembly of soybean genome	public	open	.	PASS
6e568fc7addcdb8c	Glycine max	zh13	structural_proxy	LEGUMEINFO_README	https://data.legumeinfo.org/Glycine/max/genomes/Zh13.gnm2.LV9P/README.Zh13.gnm2.LV9P.yml	dc99cafc57952eb0b9cd1ad937791b82dc171197cb1c3d8f6d5bfbc0918c370e	Zh13.gnm2.LV9P	Glycine max	Chr,Chloroplast,Mitochondrion	https://bigd.big.ac.cn/gwh/Assembly/652/show	.	PRJCA000902	10.1007/s11427-019-9822-2	Update soybean Zhonghuang 13 genome to a golden reference	public	open	.	PASS
6e71dbe473d305ba	Vigna unguiculata	tz30	structural_proxy	LEGUMEINFO_README	https://data.legumeinfo.org/Vigna/unguiculata/genomes/TZ30.gnm1.TX9W/README.TZ30.gnm1.TX9W.yml	01e57408f0992b2f98e35802cf37be133b7391a9e7c2daa1fe13e58ba53595aa	TZ30.gnm1.TX9W	Vigna unguiculata	chr	.	.	.	10.1002/tpg2.20319	A view of the pan-genome of domesticated Cowpea (Vigna unguiculata [L.] Walp.)	.	.	license_review_required	LICENSE_REVIEW_REQUIRED
723b79a6bb0fbe82	Medicago truncatula	hm078	structural_proxy	LEGUMEINFO_README	https://data.legumeinfo.org/Medicago/truncatula/genomes/HM078.gnm1.Q3TM/README.HM078.gnm1.Q3TM.yml	52a710d2e2c86c0532b92fca4958df8a72e82f7853551201681d84e5f95aa782	HM078.gnm1.Q3TM	Medicago truncatula	Chr,MT,CP	None	.	PRJNA975868	10.1186/s12864-024-10112-9	Genome assembly of Medicago truncatula accession SA27063 provides insight into spring black stem and leaf spot disease resistance	public	Open	.	PASS
73e72487f230e42a	Arachis hypogaea	icg1471	structural_proxy	LEGUMEINFO_README	https://data.legumeinfo.org/Arachis/hypogaea/genomes/ICG1471.gnm1.MN6K/README.ICG1471.gnm1.MN6K.yml	11cb6d774041a1dfb33046b4279d78b42dabba92f8ea23853b898fe9cbf26844	ICG1471.gnm1.MN6K	Arachis hypogaea	chr	https://peanutbase.org/	.	.	None	None	public	Open, with usage agreement	license_review_required	LICENSE_REVIEW_REQUIRED
751847692850cd02	Arachis stenosperma	v10309	structural_proxy	LEGUMEINFO_README	https://data.legumeinfo.org/Arachis/stenosperma/genomes/V10309.gnm1.PFL2/README.V10309.gnm1.PFL2.yml	efb327aadbfc23ea6f57b287ef86746999be24291df47b66edac2fd44811d104	V10309.gnm1.PFL2	Arachis stenosperma	chr	https://www.ncbi.nlm.nih.gov/datasets/genome/GCF_014773155.1	GCF_014773155.1	.	10.1038/s41588-019-0405-z	The genome sequence of segmental allotetraploid peanut Arachis hypogaea	public	open	.	PASS
75250b112de08448	Glycine max	wm82	structural_proxy	LEGUMEINFO_README	https://data.legumeinfo.org/Glycine/max/genomes/Wm82.gnm2.DTC4/README.Wm82.gnm2.DTC4.yml	4d824f565e82d467c95b49144bdbfb6426bb880f174b55fe1197e62f48f7f909	Wm82.gnm2.DTC4	Glycine max	Gm	http://phytozome.jgi.doe.gov	.	None	10.1038/nature08670	Genome sequence of the palaeopolyploid soybean	public	Open	.	PASS
789b7b4de543e431	Lupinus albus	laamiga31	chromosome_official	NCBI_ASSEMBLY_REPORT	data/raw/legume_family/ncbi/Lupinus_albus/La_Amiga3.1/assembly_report/GCA_010261695.1_La_Amiga3.1_assembly_report.txt	2d90afe2d574fe7debf9b4d374e4e68b76f830d723e0f7aef6251397585e78f9	.	.	.	.	GCA_010261695.1	.	.	.	public_repository	NCBI_SUBMITTER_RIGHTS_UNRESOLVED	license_review_required_ncbi_submitter_rights	LICENSE_REVIEW_REQUIRED
78a4bd04f924b968	Aeschynomene evenia	ciat22838	structural_proxy	LEGUMEINFO_README	https://data.legumeinfo.org/Aeschynomene/evenia/genomes/CIAT22838.gnm1.XF73/README.CIAT22838.gnm1.XF73.yml	7c735dfc6d5b8aabd9f8e66cbe82b364c7b47c5a3690e94eb12dbcd294da9aa7	CIAT22838.gnm1.XF73	Aeschynomene evenia	Ae,Chloroplast,Mitochondrion	.	GCA_013621005.1	PRJNA448804	10.1038/s41467-021-21094-7	Genetics of nodulation in Aeschynomene evenia uncovers mechanisms of the rhizobium–legume symbiosis	.	.	license_review_required	LICENSE_REVIEW_REQUIRED
7dda2de8855030a8	Glycine dolichocarpa	g1134	structural_proxy	LEGUMEINFO_README	https://data.legumeinfo.org/Glycine/dolichocarpa/genomes/G1134.gnm1.PP7B/README.G1134.gnm1.PP7B.yml	f7f66567cc91d35c0061c8bebd22904c4576f4bb39c3fc26fc5b72ed7c04b897	G1134.gnm1.PP7B	Glycine dolichocarpa	Chr	https://www.ncbi.nlm.nih.gov/bioproject/?term=prjna503746	.	PRJNA503746	10.1038/s41477-022-01102-4	Phylogenomics of the genus Glycine sheds light on polyploid evolution and life-strategy transition	public	open	.	PASS
810b76c898ad2a31	Apios priceana	mo19963523	structural_proxy	LEGUMEINFO_README	https://data.legumeinfo.org/Apios/priceana/genomes/MO19963523.gnm1.814V/README.MO19963523.gnm1.814V.yml	6062a1ad609f5e9c06ceaa79ecbaaf3d1928a02b15c25062fcdda9d2d1a2cb55	MO19963523.gnm1.814V	Apios priceana	Chr	https://legumeinfo.org	GCA_051802485.1	PRJNA1251038	.	.	public, restricted	Open, with usage agreement	license_review_required	LICENSE_REVIEW_REQUIRED
8317f2f6bae2e9d2	Glycine cyrtoloba	g1267	structural_proxy	LEGUMEINFO_README	https://data.legumeinfo.org/Glycine/cyrtoloba/genomes/G1267.gnm1.YWW6/README.G1267.gnm1.YWW6.yml	36979c89b310140660d695cbf615c5ba2f0af8b5e9f4d4b14dbe0ca7caeac6f8	G1267.gnm1.YWW6	Glycine cyrtoloba	Chr	https://www.ncbi.nlm.nih.gov/bioproject/?term=prjna503746	.	PRJNA503746	10.1038/s41477-022-01102-4	Phylogenomics of the genus Glycine sheds light on polyploid evolution and life-strategy transition	public	open	.	PASS
838679e55c2d0890	Glycine max	lee	structural_proxy	LEGUMEINFO_README	https://data.legumeinfo.org/Glycine/max/genomes/Lee.gnm3.VG1C/README.Lee.gnm3.VG1C.yml	666338a9bd710514bf06f8198c0330b428a706633308ec3db38823e40f955ab9	Lee.gnm3.VG1C	Glycine max	Chr	https://doi.org/10.6084/m9.figshare.22688281.v3	.	.	10.1002/tpg2.20382	Near-gapless genome assemblies of Williams 82 and Lee cultivars for accelerating global soybean research	public	Open	.	PASS
84b734e351285496	Glycine max	zh13	structural_proxy	LEGUMEINFO_README	https://data.legumeinfo.org/Glycine/max/genomes/Zh13.gnm1.N6C8/README.Zh13.gnm1.N6C8.yml	ffd771086ea2356cd634252005463917ad39f7383cc889b1c5418a591ff9593f	Zh13.gnm1.N6C8	Glycine max	Chr,Chloroplast,Mitochondrion	http://bigd.big.ac.cn/gwh/Assembly/125/show	.	PRJCA000902	10.1007/s11427-018-9360-0	De novo assembly of a Chinese soybean genome	public	open	.	PASS
84f1e992467917d4	Chamaecrista fasciculata	isc494698	structural_proxy	LEGUMEINFO_README	https://data.legumeinfo.org/Chamaecrista/fasciculata/genomes/ISC494698.gnm1.8Q19/README.ISC494698.gnm1.8Q19.yml	2d6098954ab0fba17d61dbeeb87b44b25798832f958a2c19e0175737dbdb7d1d	ISC494698.gnm1.8Q19	Chamaecrista fasciculata	Chr	https://phytozome-next.jgi.doe.gov/info/Cfasciculatavar_ISC494698HAP1_v1_1	.	.	.	.	public, restricted	Open, with usage agreement	license_review_required	LICENSE_REVIEW_REQUIRED
8508dc7a9552d402	Lathyrus sativus	jiclsatv211	chromosome_official	NCBI_ASSEMBLY_REPORT	data/raw/legume_family/ncbi/Lathyrus_sativus/JIC_Lsat_v2.1.1/assembly_report/GCA_963859935.3_JIC_Lsat_v2.1.1_assembly_report.txt	b11a6ce6b023e5c1d6f49dc3a7d44133374b8e1cab45042ed238ccf93aa9b08e	.	.	.	.	GCA_963859935.3	.	.	.	public_repository	NCBI_SUBMITTER_RIGHTS_UNRESOLVED	license_review_required_ncbi_submitter_rights	LICENSE_REVIEW_REQUIRED
85b481ae24b243fe	Glycine max	zihuano4	structural_proxy	LEGUMEINFO_README	https://data.legumeinfo.org/Glycine/max/genomes/ZiHuaNo_4.gnm1.HN60/README.ZiHuaNo_4.gnm1.HN60.yml	aa4156723a5723a3e2e3f566b9e84b8bd8f884c6abe51a51c8bfc6a869953db3	ZiHuaNo_4.gnm1.HN60	Glycine max	Chr	https://ngdc.cncb.ac.cn/gwh/Genome/43/show	None	None	10.1016/j.cell.2020.05.023	Pan-Genome of Wild and Cultivated Soybeans	public	open	.	PASS
887fc38a30f65f36	Glycine max	fengdihuang	structural_proxy	LEGUMEINFO_README	https://data.legumeinfo.org/Glycine/max/genomes/FengDiHuang.gnm1.YYLM/README.FengDiHuang.gnm1.YYLM.yml	f0d65fbfb05d70829d5ed46cd008336014b4ac815ad3248183e7ce3b18f6a4e4	FengDiHuang.gnm1.YYLM	Glycine max	Chr	https://ngdc.cncb.ac.cn/gwh/Genome/43/show	None	None	10.1016/j.cell.2020.05.023	Pan-Genome of Wild and Cultivated Soybeans	public	open	.	PASS
8948693e7614b9a0	Glycine max	amsoy	structural_proxy	LEGUMEINFO_README	https://data.legumeinfo.org/Glycine/max/genomes/Amsoy.gnm1.TYYG/README.Amsoy.gnm1.TYYG.yml	a35faea8d5713bd39b225830f60d08ce920f9a7f280e5cd11c058e502beb0316	Amsoy.gnm1.TYYG	Glycine max	Chr	https://ngdc.cncb.ac.cn/gwh/Genome/43/show	None	None	10.1016/j.cell.2020.05.023	Pan-Genome of Wild and Cultivated Soybeans	public	open	.	PASS
8b3cca50063af126	Trifolium pratense	trifoliumpratensevarmilvusv3	chromosome_official	NCBI_ASSEMBLY_REPORT	data/raw/legume_family/ncbi/Trifolium_pratense/trifolium_pratense_var_milvus_v3/assembly_report/GCA_949352195.3_trifolium_pratense_var_milvus_v3_assembly_report.txt	9f807dce227a3cd7e0a6c70213579e241e011aba90a2f776d7ae6365d42cda90	.	.	.	.	GCA_949352195.3	.	.	.	public_repository	NCBI_SUBMITTER_RIGHTS_UNRESOLVED	license_review_required_ncbi_submitter_rights	LICENSE_REVIEW_REQUIRED
8c21e283eca8cf3b	Glycine max	heiheno43	structural_proxy	LEGUMEINFO_README	https://data.legumeinfo.org/Glycine/max/genomes/HeiHeNo_43.gnm1.FV4H/README.HeiHeNo_43.gnm1.FV4H.yml	ca3dad9465bf9331bc0ab86b928ed18ebb0b5e84c4e6493f5ade579433136b2f	HeiHeNo_43.gnm1.FV4H	Glycine max	Chr	https://ngdc.cncb.ac.cn/gwh/Genome/43/show	None	None	10.1016/j.cell.2020.05.023	Pan-Genome of Wild and Cultivated Soybeans	public	open	.	PASS
8d0c2b4f173cd9e7	Cercis chinensis	gxib	structural_proxy	LEGUMEINFO_README	https://data.legumeinfo.org/Cercis/chinensis/genomes/GXIB.gnm1.5DZH/README.GXIB.gnm1.5DZH.yml	543dbfa9d0cd1e260a371e2dd6ddb50ce83c4a992b7eb00db10c68dd92d68f84	GXIB.gnm1.5DZH	Cercis chinensis	Chr	https://ngdc.cncb.ac.cn/gwh/Assembly/24066/show	GWHBHAK00000000	.	10.1016/j.xplc.2022.100422	The nearly complete assembly of the Cercis chinensis genome and Fabaceae phylogenomic studies provide insights into new gene evolution	public	open	.	PASS
8f9a4aa16c3e8be0	Glycine max	ua4805	structural_proxy	LEGUMEINFO_README	https://data.legumeinfo.org/Glycine/max/genomes/UA4805.gnm3.THQ0/README.UA4805.gnm3.THQ0.yml	a3847b75df35e1d7b19d0308d606830efe8521e2d7b691b98540a006653ee671	UA4805.gnm3.THQ0	Glycine max	chr	https://www.ncbi.nlm.nih.gov/datasets/genome/GCA_046254595.1	GCA_046254595.1	.	10.1038/s41588-025-02113-5	The genomic landscape of gene-level structural variations in Japanese and global soybean Glycine max cultivars	public	open	.	PASS
90867f909324c225	Clitoria ternatea	cter1	chromosome_official	NCBI_ASSEMBLY_REPORT	data/raw/legume_family/ncbi/Clitoria_ternatea/Cter_1/assembly_report/GCA_037962975.1_Cter_1_assembly_report.txt	668389bf413ff55110f66cf8ad1b2e33213d39519e3ef3ebe2042d4c10e47dbe	.	.	.	.	GCA_037962975.1	.	.	.	public_repository	NCBI_SUBMITTER_RIGHTS_UNRESOLVED	license_review_required_ncbi_submitter_rights	LICENSE_REVIEW_REQUIRED
91a6c657f1069f3c	Phaseolus acutifolius	frijolbayo	structural_proxy	LEGUMEINFO_README	https://data.legumeinfo.org/Phaseolus/acutifolius/genomes/Frijol_Bayo.gnm1.QH8L/README.Frijol_Bayo.gnm1.QH8L.yml	309c4eb1c8c8f9dee9bf91775f440b0b29b2911ba3c58ad18f22223f3ae9d132	Frijol_Bayo.gnm1.QH8L	Phaseolus acutifolius	Chr	https://phytozome-next.jgi.doe.gov/info/Pacutifolius_v1_0	.	None	10.1038/s41467-021-22858-x	.	public	open	.	PASS
9570ca5030231e0b	Vigna unguiculata	cb52	structural_proxy	LEGUMEINFO_README	https://data.legumeinfo.org/Vigna/unguiculata/genomes/CB5-2.gnm1.WDTB/README.CB5-2.gnm1.WDTB.yml	3b691b1736f45e15cb7df45bdb3f88572f08709d9177627194095f55c0f9f056	CB5-2.gnm1.WDTB	Vigna unguiculata	chr	.	.	.	10.1002/tpg2.20319	A view of the pan-genome of domesticated Cowpea (Vigna unguiculata [L.] Walp.)	.	.	license_review_required	LICENSE_REVIEW_REQUIRED
96468b4838f74d0d	Glycine max	enrei	structural_proxy	LEGUMEINFO_README	https://data.legumeinfo.org/Glycine/max/genomes/Enrei.gnm3.MF2C/README.Enrei.gnm3.MF2C.yml	2ee3708ae839139749785f88b8fc7145858d94b491ded6fc508759e564d31bca	Enrei.gnm3.MF2C	Glycine max	chr	https://www.ncbi.nlm.nih.gov/datasets/genome/GCA_046254735.1	GCA_046254735.1	.	10.1038/s41588-025-02113-5	The genomic landscape of gene-level structural variations in Japanese and global soybean Glycine max cultivars	public	open	.	PASS
98cf7f6c3f3626e4	Glycine max	zh13iga1005	structural_proxy	LEGUMEINFO_README	https://data.legumeinfo.org/Glycine/max/genomes/Zh13_IGA1005.gnm1.FRXQ/README.Zh13_IGA1005.gnm1.FRXQ.yml	fae275561dc56cfeacc12cc7a4bac2fdde04079ae6e9f3ffe3167f4578153999	Zh13_IGA1005.gnm1.FRXQ	Glycine max	chr	https://sra-download.ncbi.nlm.nih.gov/traces/wgs01/wgs_aux/WI/XA/WIXA01/WIXA01.1.fsa_nt.gz	GCA_014282085.1	PRJNA561626	10.1038/s41597-021-00947-2	Eight soybean reference genome resources from varying latitudes and agronmic traits.	public	open	.	PASS
9ae82c2a17244c72	Lens culinaris	cdcredberry	structural_proxy	LEGUMEINFO_README	https://data.legumeinfo.org/Lens/culinaris/genomes/CDC_Redberry.gnm2.7C5P/README.CDC_Redberry.gnm2.7C5P.yml	21dcc3dd07592d1151f6d58c37d3e91c1dd73d472217ecbfdfd596e4ec2df7f1	CDC_Redberry.gnm2.7C5P	Lens culinaris	Lcu.2RBY.Chr	https://knowpulse.usask.ca/data_files/assemblies/Lcu.2RBY.zip	None	PRJNA343689	10.1101/2021.07.23.453237	Genomic rearrangements have consequences for introgression breeding as revealed by genome assemblies of wild and cultivated lentil species.	public	Open	.	PASS
9c8d9d886271b484	Glycine D3-tomentella	g1403	structural_proxy	LEGUMEINFO_README	https://data.legumeinfo.org/Glycine/D3-tomentella/genomes/G1403.gnm1.CL6K/README.G1403.gnm1.CL6K.yml	ffaa643de4cd252a44321e3ba4580be5ee272a96ff94089c682e7ba96bd9d2cf	G1403.gnm1.CL6K	Glycine D3 tomentella	Chr	https://www.ncbi.nlm.nih.gov/bioproject/?term=prjna503746	.	PRJNA503746	10.1038/s41477-022-01102-4	Phylogenomics of the genus Glycine sheds light on polyploid evolution and life-strategy transition	public	open	.	PASS
9d9311fce6d06103	Cajanus cajan	nipbcct2t4	chromosome_official_t2t	NCBI_ASSEMBLY_REPORT	data/raw/legume_family/ncbi/Cajanus_cajan/NIPB_CcT2T_4/assembly_report/GCF_000230855.1_NIPB_CcT2T_4_assembly_report.txt	1d54a1b39569d1ca2e187aef9133f5700d68ff927f9576f6c978b88773a56063	.	.	.	.	GCA_000230855.3	.	.	.	public_repository	NCBI_SUBMITTER_RIGHTS_UNRESOLVED	license_review_required_ncbi_submitter_rights	LICENSE_REVIEW_REQUIRED
9db5866248855507	Glycine max	peking	structural_proxy	LEGUMEINFO_README	https://data.legumeinfo.org/Glycine/max/genomes/Peking.gnm3.KKCD/README.Peking.gnm3.KKCD.yml	d0ed2356c3c471edab2d413e310a5cd31a52959804f0cae771492ff73aa40302	Peking.gnm3.KKCD	Glycine max	chr	https://www.ncbi.nlm.nih.gov/datasets/genome/GCA_046254715.1	GCA_046254555.1	.	10.1038/s41588-025-02113-5	The genomic landscape of gene-level structural variations in Japanese and global soybean Glycine max cultivars	public	open	.	PASS
9fabec0202ef64df	Glycine max	himeshirazu	structural_proxy	LEGUMEINFO_README	https://data.legumeinfo.org/Glycine/max/genomes/Himeshirazu.gnm3.61YZ/README.Himeshirazu.gnm3.61YZ.yml	f9ce65f451f307d19af0c9e764569cf3331b4df7a71ed1aef8e53f012ca3975d	Himeshirazu.gnm3.61YZ	Glycine max	chr	https://www.ncbi.nlm.nih.gov/datasets/genome/GCA_046254705.1	GCA_046254705.1	.	10.1038/s41588-025-02113-5	The genomic landscape of gene-level structural variations in Japanese and global soybean Glycine max cultivars	public	open	.	PASS
a0335dec2cceb268	Vigna mungo	asm3688567v1	chromosome_official	NCBI_ASSEMBLY_REPORT	data/raw/legume_family/ncbi/Vigna_mungo/ASM3688567v1/assembly_report/GCA_036885675.1_ASM3688567v1_assembly_report.txt	4806ab9d7edc14e64e681427fbb7ade23e92b9fc5092f8582efca7a5c833e56d	.	.	.	.	GCA_036885675.1	.	.	.	public_repository	NCBI_SUBMITTER_RIGHTS_UNRESOLVED	license_review_required_ncbi_submitter_rights	LICENSE_REVIEW_REQUIRED
a1031c671efeadfc	Glycine max	shishengchangye	structural_proxy	LEGUMEINFO_README	https://data.legumeinfo.org/Glycine/max/genomes/ShiShengChangYe.gnm1.MC01/README.ShiShengChangYe.gnm1.MC01.yml	f5474e2db1fcc497e3312f6456f3d79039cfc739056a3180817712386e8a7dfe	ShiShengChangYe.gnm1.MC01	Glycine max	Chr	https://ngdc.cncb.ac.cn/gwh/Genome/43/show	None	None	10.1016/j.cell.2020.05.023	Pan-Genome of Wild and Cultivated Soybeans	public	open	.	PASS
a15dd91940f10d0d	Arachis hypogaea	asm4730225v1	chromosome_official	NCBI_ASSEMBLY_REPORT	data/raw/legume_family/ncbi/Arachis_hypogaea/ASM4730225v1/assembly_report/GCA_047302255.1_ASM4730225v1_assembly_report.txt	0617272853bd09fc67d6a76cc80288dede0e24240267407ffd1d243e1c6f0295	.	.	.	.	GCA_047302255.1	.	.	.	public_repository	NCBI_SUBMITTER_RIGHTS_UNRESOLVED	license_review_required_ncbi_submitter_rights	LICENSE_REVIEW_REQUIRED
a1783bbd0690e1b3	Medicago sativa	xinjiangdaye	structural_proxy	LEGUMEINFO_README	https://data.legumeinfo.org/Medicago/sativa/genomes/XinJiangDaYe.gnm1.12MR/README.XinJiangDaYe.gnm1.12MR.yml	ea14aa86de879fad9dce096676b487f48b175ea21f6689b16475e1f6ccad51b6	XinJiangDaYe.gnm1.12MR	Medicago sativa	chr	https://figshare.com/projects/whole_genome_sequencing_and_assembly_of_Medicago_sativa/66380	.	PRJNA540215	10.1038/s41467-020-16338-x	Allele-aware chromosome-level genome assembly and efficient transgene-free genome editing for the autotetraploid cultivated alfalfa	Public	Open	.	PASS
a427b3f85dfe3573	Cajanus cajan	icpl87119	structural_proxy	LEGUMEINFO_README	https://data.legumeinfo.org/Cajanus/cajan/genomes/ICPL87119.gnm2.KL9M/README.ICPL87119.gnm2.KL9M.yml	f08e3de9beeed864a3b8f5660e1355f85f3945867e12f2b1344d14bae817e729	ICPL87119.gnm2.KL9M	Cajanus cajan	chr	https://cegresources.icrisat.org/data_public/legumepedia_data/Cajanus_cajan/Genome/Cca.genome.fa.gz	.	PRJNA679437	10.1016/j.jare.2021.10.009	Chromosome-length genome assemblies of six legume species provide insights into genome organization, evolution, and agronomic traits for crop improvement	public	Open	.	PASS
a7ba1bdcce7a1bba	Phaseolus vulgaris	g19833	structural_proxy	LEGUMEINFO_README	https://data.legumeinfo.org/Phaseolus/vulgaris/genomes/G19833.gnm1.zBnF/README.G19833.gnm1.zBnF.yml	cd2b87818e57eaa34838dc7ca01d74bd26d609aa62abb70c85ac438982b1edc2	G19833.gnm1.zBnF	Phaseolus vulgaris	Chr	http://phytozome.jgi.doe.gov	GCA_000499845.1	PRJNA41439	10.1038/ng.3008	A reference genome for common bean and genome-wide analysis of dual domestications	public	Open	.	PASS
a8412af2ff4cd5ed	Glycine max	handouno5	structural_proxy	LEGUMEINFO_README	https://data.legumeinfo.org/Glycine/max/genomes/HanDouNo_5.gnm1.11MF/README.HanDouNo_5.gnm1.11MF.yml	59b073811900d8f2e3fc15f375774886bb5be2e95feafce9299584b5486e5b3c	HanDouNo_5.gnm1.11MF	Glycine max	Chr	https://ngdc.cncb.ac.cn/gwh/Genome/43/show	None	None	10.1016/j.cell.2020.05.023	Pan-Genome of Wild and Cultivated Soybeans	public	open	.	PASS
a9c8f2b6edacea6d	Phaseolus vulgaris	ui111	structural_proxy	LEGUMEINFO_README	https://data.legumeinfo.org/Phaseolus/vulgaris/genomes/UI111.gnm1.3VTM/README.UI111.gnm1.3VTM.yml	9c05a032bdd8cff16cfceb7dee2e10d56309d4fd8f878acfdd2d4b70ea6c4129	UI111.gnm1.3VTM	Phaseolus vulgaris	Chr	http://phytozome.jgi.doe.gov	.	None	.	.	public	open	.	PASS
aa7caf87bfed5181	Vigna unguiculata	zn016	structural_proxy	LEGUMEINFO_README	https://data.legumeinfo.org/Vigna/unguiculata/genomes/ZN016.gnm1.997F/README.ZN016.gnm1.997F.yml	d1c52eabedfd81b4af38a256b4fff712f935af49a8da287329a5fac660da8bbc	ZN016.gnm1.997F	Vigna unguiculata	chr	.	.	.	10.1002/tpg2.20319	A view of the pan-genome of domesticated Cowpea (Vigna unguiculata [L.] Walp.)	.	.	license_review_required	LICENSE_REVIEW_REQUIRED
aacea7c6039184ef	Glycine max	wenfeng7iga1001	structural_proxy	LEGUMEINFO_README	https://data.legumeinfo.org/Glycine/max/genomes/Wenfeng7_IGA1001.gnm1.L0QH/README.Wenfeng7_IGA1001.gnm1.L0QH.yml	6cb831f226b1513d0edd0ffe6578ce287624321b35e5409c6f4bcbf1ef787376	Wenfeng7_IGA1001.gnm1.L0QH	Glycine max	chr	https://sra-download.ncbi.nlm.nih.gov/traces/wgs01/wgs_aux/WI/WY/WIWY01/WIWY01.1.fsa_nt.gz	GCA_014282035.1	PRJNA561626	10.1038/s41597-021-00947-2	Eight soybean reference genome resources from varying latitudes and agronmic traits.	public	open	.	PASS
abec76950f46db19	Medicago truncatula	a17	structural_proxy	LEGUMEINFO_README	https://data.legumeinfo.org/Medicago/truncatula/genomes/A17.gnm5.MVZ2/README.A17.gnm5.MVZ2.yml	10cf547ca3a28e5811eb0c8ce863090a282d26af969f94d707b09c96120cf990	A17.gnm5.MVZ2	Medicago truncatula	MtrunA17Chr1,MtrunA17Chr2,MtrunA17Chr3,MtrunA17Chr4,MtrunA17Chr5,MtrunA17Chr6,MtrunA17Chr7,MtrunA17Chr8,MtrunA17CP,MtrunA17MT	https://medicago.toulouse.inra.fr/MtrunA17r5.0-ANR/	PSQE00000000.1	PRJNA431767	10.1038/s41477-018-0286-7	Whole-genome landscape of Medicago truncatula symbiotic genes	public	open	.	PASS
ae8f30e37611692d	Glycine max	tiefengno18	structural_proxy	LEGUMEINFO_README	https://data.legumeinfo.org/Glycine/max/genomes/TieFengNo_18.gnm1.BW65/README.TieFengNo_18.gnm1.BW65.yml	e5b2eb193436e4d1cb33b4e3c9f0d6a267286d1e76da8b964afdafcb016eb32b	TieFengNo_18.gnm1.BW65	Glycine max	Chr	https://ngdc.cncb.ac.cn/gwh/Genome/43/show	None	None	10.1016/j.cell.2020.05.023	Pan-Genome of Wild and Cultivated Soybeans	public	open	.	PASS
b1c5e59567defcb2	Apios americana	la2127	structural_proxy	LEGUMEINFO_README	https://data.legumeinfo.org/Apios/americana/genomes/LA2127.gnm1.KVMK/README.LA2127.gnm1.KVMK.yml	db377c1e2fb6b2b57766715dde06172c14f4ce1e60ea37da4e1a874e5bc4d758	LA2127.gnm1.KVMK	Apios americana	Chr	https://legumeinfo.org	GCA_051802465.1	PRJNA1251543	.	.	public, restricted	Open, with usage agreement	license_review_required	LICENSE_REVIEW_REQUIRED
b2d6d16f011f3228	Arachis ipaensis	k30076	structural_proxy	LEGUMEINFO_README	https://data.legumeinfo.org/Arachis/ipaensis/genomes/K30076.gnm1.bXJ8/README.K30076.gnm1.bXJ8.yml	8271933a2f15df5a21fdc5df996de38b4d5d2ff65f614278e53c976dbdb98a5f	K30076.gnm1.bXJ8	Arachis ipaensis	Araip.B	http://peanutbase.org/	GCA_000816755.2	PRJNA258025	10.1038/ng.3517	The genome sequences of Arachis duranensis and Arachis ipaensis, the diploid ancestors of cultivated peanut	public	Open	.	PASS
b3fb81d3f6b365ee	Arachis hypogaea	baileyii	structural_proxy	LEGUMEINFO_README	https://data.legumeinfo.org/Arachis/hypogaea/genomes/BaileyII.gnm1.1JTF/README.BaileyII.gnm1.1JTF.yml	797f6124e55ca7e79e0dde3dcdd8075503a9e3a2e493c05ae91cd3090605475c	BaileyII.gnm1.1JTF	Arachis hypogaea	chr	https://www.ncbi.nlm.nih.gov/Traces/wgs/JAGJTH01	.	.	10.3389/fpls.2022.1073542	Initiation of genomics-assisted breeding in Virginia-type peanuts through the generation of a de novo reference genome and informative markers.	public	Open	.	PASS
b503a63d15d33fea	Glycine max	juxuanno23	structural_proxy	LEGUMEINFO_README	https://data.legumeinfo.org/Glycine/max/genomes/JuXuanNo_23.gnm1.WC57/README.JuXuanNo_23.gnm1.WC57.yml	939ed070a10af4f86b648bd54773087654495f5f023b93006da08952a9673c05	JuXuanNo_23.gnm1.WC57	Glycine max	Chr	https://ngdc.cncb.ac.cn/gwh/Genome/43/show	None	None	10.1016/j.cell.2020.05.023	Pan-Genome of Wild and Cultivated Soybeans	public	open	.	PASS
bb15a599a0eb78f9	Cicer arietinum	cdcfrontier	structural_proxy	LEGUMEINFO_README	https://data.legumeinfo.org/Cicer/arietinum/genomes/CDCFrontier.gnm3.QT0P/README.CDCFrontier.gnm3.QT0P.yml	2fa4f43104b41912013a414b1777d03af2dec14eef4dba233b20174cabf5d982	CDCFrontier.gnm3.QT0P	Cicer arietinum	chr	.	.	.	.	.	public	Open	source_missing;publication_missing	INCOMPLETE_METADATA
bb5dcc92012e8623	Glycine max	tongshantianedan	structural_proxy	LEGUMEINFO_README	https://data.legumeinfo.org/Glycine/max/genomes/TongShanTianEDan.gnm1.B4R6/README.TongShanTianEDan.gnm1.B4R6.yml	079b877d75e7bc741eec48065d826a8dd312e4faf167b4640656ab0bbb67266a	TongShanTianEDan.gnm1.B4R6	Glycine max	Chr	https://ngdc.cncb.ac.cn/gwh/Genome/43/show	None	None	10.1016/j.cell.2020.05.023	Pan-Genome of Wild and Cultivated Soybeans	public	open	.	PASS
bbb86f2e3df92ff3	Lathyrus oleraceus	caaspsatzw610	chromosome_official	NCBI_ASSEMBLY_REPORT	data/raw/legume_family/ncbi/Lathyrus_oleraceus/CAAS_Psat_ZW6_1.0/assembly_report/GCF_024323335.1_CAAS_Psat_ZW6_1.0_assembly_report.txt	fad48ad30523387cef903ba4554ca036e5384100285dab87f352771871e4db0d	.	.	.	.	GCA_024323335.2	.	.	.	public_repository	NCBI_SUBMITTER_RIGHTS_UNRESOLVED	license_review_required_ncbi_submitter_rights	LICENSE_REVIEW_REQUIRED
bd196d408ca12cd1	Arachis hypogaea	ahypogaealine8v10	chromosome_official	NCBI_ASSEMBLY_REPORT	data/raw/legume_family/ncbi/Arachis_hypogaea/AhypogaeaLine8_v1.0/assembly_report/GCA_041383265.1_AhypogaeaLine8_v1.0_assembly_report.txt	a100e8e6544da80323deb4b511d542d21eb404ae0668eae2e65af10c2e7caf6b	.	.	.	.	GCA_041383265.1	.	.	.	public_repository	NCBI_SUBMITTER_RIGHTS_UNRESOLVED	license_review_required_ncbi_submitter_rights	LICENSE_REVIEW_REQUIRED
be425e28c0ff085b	Sphenostylis stenocarpa	hybridwithhic	chromosome_official	NCBI_ASSEMBLY_REPORT	data/raw/legume_family/ncbi/Sphenostylis_stenocarpa/hybrid_with_Hi-C/assembly_report/GCA_963425845.1_hybrid_with_Hi-C_assembly_report.txt	e8bdf84a46761cbaf90b44bf1491a0941484ee2e3c7727f253fbb18781ebe08d	.	.	.	.	GCA_963425845.1	.	.	.	public_repository	NCBI_SUBMITTER_RIGHTS_UNRESOLVED	license_review_required_ncbi_submitter_rights	LICENSE_REVIEW_REQUIRED
bed165739906fb16	Phaseolus vulgaris	phavulg10	chromosome_official	NCBI_ASSEMBLY_REPORT	data/raw/legume_family/ncbi/Phaseolus_vulgaris/PhaVulg1_0/assembly_report/GCF_000499845.1_PhaVulg1_0_assembly_report.txt	ae52b99638d46f563f3ffc6352e2fac1b07e71b20a540df569006a65a1290485	.	.	.	.	GCA_000499845.1	.	.	.	public_repository	NCBI_SUBMITTER_RIGHTS_UNRESOLVED	license_review_required_ncbi_submitter_rights	LICENSE_REVIEW_REQUIRED
bf8095e2d8c1826f	Arachis hypogaea	tifrunner	structural_proxy	LEGUMEINFO_README	https://data.legumeinfo.org/Arachis/hypogaea/genomes/Tifrunner.gnm1.KYV3/README.Tifrunner.gnm1.KYV3.yml	d0da7487f9a1e4064507f6ab2c6694fb2d9e8d7b7a4df315da2773f8df0ba1b3	Tifrunner.gnm1.KYV3	Arachis hypogaea	Arahy	https://peanutbase.org/data/	PIVG00000000	PRJNA291488	10.1038/s41588-019-0405-z	The genome sequence of segmental allotetraploid peanut Arachis hypogaea	public	Open	.	PASS
c3cea47e840df975	Cicer arietinum	cdcfrontier	structural_proxy	LEGUMEINFO_README	https://data.legumeinfo.org/Cicer/arietinum/genomes/CDCFrontier.gnm2.S2FF/README.CDCFrontier.gnm2.S2FF.yml	2d0429392079df87cbc282efd274d636ca68843493a65221d45110a10ada3b71	CDCFrontier.gnm2.S2FF	Cicer arietinum	chr	https://cegresources.icrisat.org/data_public/legumepedia_data/Cicer_arietinum/Genome/Car.genome.fa.gz	.	PRJNA679437	10.1016/j.jare.2021.10.009	Chromosome-length genome assemblies of six legume species provide insights into genome organization, evolution, and agronomic traits for crop improvement	public	Open	.	PASS
c8dc325fc923ad87	Glycine soja	glycinesojayongin0v10	chromosome_official	NCBI_ASSEMBLY_REPORT	data/raw/legume_family/ncbi/Glycine_soja/Glycine_soja_Yongin-0_v1.0/assembly_report/GCA_048402855.1_Glycine_soja_Yongin-0_v1.0_assembly_report.txt	3dba77a5dbb4c2d1cddc2f735d7cbabdcd5ede8c663bf0dfef3a77bc44782294	.	.	.	.	GCA_048402855.1	.	.	.	public_repository	NCBI_SUBMITTER_RIGHTS_UNRESOLVED	license_review_required_ncbi_submitter_rights	LICENSE_REVIEW_REQUIRED
ccbf7ded4553c2ef	Glycine soja	figa1003	structural_proxy	LEGUMEINFO_README	https://data.legumeinfo.org/Glycine/soja/genomes/F_IGA1003.gnm1.V9RB/README.F_IGA1003.gnm1.V9RB.yml	64862e97a1ce1eff8ebe8d03e29872fad7bc9055ec0de52cf29f2341c730e91e	F_IGA1003.gnm1.V9RB	Glycine soja	chr	https://sra-download.ncbi.nlm.nih.gov/traces/wgs01/wgs_aux/WI/XD/WIXD01/WIXD01.1.fsa_nt.gz	GCA_014282345.1	PRJNA561626	10.1038/s41597-021-00947-2	Eight soybean reference genome resources from varying latitudes and agronmic traits.	public	open	.	PASS
cd293da5f52f8dca	Cercis canadensis	isc453364	structural_proxy	LEGUMEINFO_README	https://data.legumeinfo.org/Cercis/canadensis/genomes/ISC453364.gnm3_hap2.2S7P/README.ISC453364.gnm3_hap2.2S7P.yml	0b125395d8a49a9a9d2352f12bcbffde455cc55f8559c904b83f58ae5c93d609	ISC453364.gnm3_hap2.2S7P	Cercis canadensis	Chr	https://phytozome-next.jgi.doe.gov/info/GmaxWm82ISU_01_v2_1	.	.	.	.	public, restricted	Open, with usage agreement	license_review_required	LICENSE_REVIEW_REQUIRED
cd49d0d6361370b4	Trifolium pratense	hen17a07	structural_proxy	LEGUMEINFO_README	https://data.legumeinfo.org/Trifolium/pratense/genomes/HEN17-A07.gnm1.Y8WV/README.HEN17-A07.gnm1.Y8WV.yml	780f98aa2eda941440e4748ee093a74eb33ce5d1713ba3577c248c54893feea3	HEN17-A07.gnm1.Y8WV	Trifolium pratense	Chr	https://www.ncbi.nlm.nih.gov/datasets/genome/GCF_020283565.1	GCF_020283565.1.	.	10.46471/gigabyte.42	Chromosome-scale assembly of the highly heterozygous genome of red clover (Trifolium pratense L.), an allogamous forage crop species	public	open	.	PASS
d026195011912245	Phaseolus lunatus	g27455	structural_proxy	LEGUMEINFO_README	https://data.legumeinfo.org/Phaseolus/lunatus/genomes/G27455.gnm1.7NXX/README.G27455.gnm1.7NXX.yml	b7972fcc4dab02e5c730e42e2d1ddcea634ed58e8ac652cd51b65117d76123eb	G27455.gnm1.7NXX	Phaseolus lunatus	Pl	http://phytozome.jgi.doe.gov	GCA_013389735.1	PRJNA596114	10.1038/s41467-021-20921-1	.	public	open	.	PASS
d02cc56c7d1f261d	Glycine soja	pi483463	structural_proxy	LEGUMEINFO_README	https://data.legumeinfo.org/Glycine/soja/genomes/PI483463.gnm1.YJWS/README.PI483463.gnm1.YJWS.yml	d7e9c1f7411b23aebb1d9b9de1f56cf1d3365d7f74af885695f65059b115fce2	PI483463.gnm1.YJWS	Glycine soja	Gs	.	.	PRJNA407822	10.1111/tpj.14500	Construction and comparison of three reference-quality genome assemblies for soybean	public	Open, with usage agreement	license_review_required	LICENSE_REVIEW_REQUIRED
d30bbec0cd94b1e2	Vicia faba	asm4818357v1	chromosome_official	NCBI_ASSEMBLY_REPORT	data/raw/legume_family/ncbi/Vicia_faba/ASM4818357v1/assembly_report/GCA_048183575.1_ASM4818357v1_assembly_report.txt	cfaa32efba6b8502c665692f806a97d0cacbfa50edd218dabe3f89abf5a7d10f	.	.	.	.	GCA_048183575.1	.	.	.	public_repository	NCBI_SUBMITTER_RIGHTS_UNRESOLVED	license_review_required_ncbi_submitter_rights	LICENSE_REVIEW_REQUIRED
d330c11feebb1356	Trifolium repens	utmtrepv10	chromosome_official	NCBI_ASSEMBLY_REPORT	data/raw/legume_family/ncbi/Trifolium_repens/UTM_Trep_v1.0/assembly_report/GCA_030408175.1_UTM_Trep_v1.0_assembly_report.txt	e3351b2bc7de227fe7320157e318a5ac94d2c263c47aeca847bc415e3c4fec66	.	.	.	.	GCA_030408175.1	.	.	.	public_repository	NCBI_SUBMITTER_RIGHTS_UNRESOLVED	license_review_required_ncbi_submitter_rights	LICENSE_REVIEW_REQUIRED
d36e222da4e0cfc3	Arachis hypogaea	c7616	structural_proxy	LEGUMEINFO_README	https://data.legumeinfo.org/Arachis/hypogaea/genomes/C76-16.gnm1.2559/README.C76-16.gnm1.2559.yml	0da8abf4e04ead7c7c56cd7d82eb6bd753b5d250d70f23a16adc160b4aea2c70	C76-16.gnm1.2559	Arachis hypogaea	chr	https://peanutbase.org/	.	.	None	None	public	Open, with usage agreement	license_review_required	LICENSE_REVIEW_REQUIRED
d4ed1350b181bf96	Glycine max	58161	structural_proxy	LEGUMEINFO_README	https://data.legumeinfo.org/Glycine/max/genomes/58-161.gnm1.BW8J/README.58-161.gnm1.BW8J.yml	d40153e40f0f3ef51198d8e70f39074245b4a75c9793a73a086cda2e171e9afa	58-161.gnm1.BW8J	Glycine max	Chr	https://ngdc.cncb.ac.cn/gwh/Genome/43/show	None	None	10.1016/j.cell.2020.05.023	Pan-Genome of Wild and Cultivated Soybeans	public	open	.	PASS
d743659d2310fe55	Glycine max	pi548362	structural_proxy	LEGUMEINFO_README	https://data.legumeinfo.org/Glycine/max/genomes/PI_548362.gnm1.V9S7/README.PI_548362.gnm1.V9S7.yml	6f3c7d7f409b0d64ca9160ce7818103c34be2e80b4c8781ddf8be6264bf85c7a	PI_548362.gnm1.V9S7	Glycine max	Chr	https://ngdc.cncb.ac.cn/gwh/Genome/43/show	None	None	10.1016/j.cell.2020.05.023	Pan-Genome of Wild and Cultivated Soybeans	public	open	.	PASS
d7abe2eb0f698c46	Glycine max	jd17	structural_proxy	LEGUMEINFO_README	https://data.legumeinfo.org/Glycine/max/genomes/JD17.gnm1.TW7L/README.JD17.gnm1.TW7L.yml	be6d9b40966030ed9c731b3ac116513d0961821f4663494792d78a1ecf19a264	JD17.gnm1.TW7L	Glycine max	Chr	https://doi.org/10.25387/g3.17065499	GCA_021733175.1	.	10.1093/g3journal/jkac017	Genome assembly of the JD17 soybean provides a new reference genome for comparative genomics	public	Open	.	PASS
d8e304252bf5b6c7	Glycine max	zh35iga1004	structural_proxy	LEGUMEINFO_README	https://data.legumeinfo.org/Glycine/max/genomes/Zh35_IGA1004.gnm1.DBYJ/README.Zh35_IGA1004.gnm1.DBYJ.yml	d634f20180381a4e689af4b2f26d1f8b627ce3b3ee4257285c4d83095811f98c	Zh35_IGA1004.gnm1.DBYJ	Glycine max	chr	https://sra-download.ncbi.nlm.nih.gov/traces/wgs01/wgs_aux/WI/WZ/WIWZ01/WIWZ01.1.fsa_nt.gz	GCA_014282075.1	PRJNA561626	10.1038/s41597-021-00947-2	Eight soybean reference genome resources from varying latitudes and agronmic traits.	public	open	.	PASS
d9e3d4cd719a05e5	Glycine max	hefeng25iga1002	structural_proxy	LEGUMEINFO_README	https://data.legumeinfo.org/Glycine/max/genomes/Hefeng25_IGA1002.gnm1.L69T/README.Hefeng25_IGA1002.gnm1.L69T.yml	847fc0ac504dc55c379466f8c33600bc5223c850e377cb89b931ecd68b658a3e	Hefeng25_IGA1002.gnm1.L69T	Glycine max	chr	https://sra-download.ncbi.nlm.nih.gov/traces/wgs01/wgs_aux/WI/WX/WIWX01/WIWX01.1.fsa_nt.gz	GCA_014282065.1	PRJNA561626	10.1038/s41597-021-00947-2	.	public	open	.	PASS
da2190d8185c2216	Glycine max	jindouno23	structural_proxy	LEGUMEINFO_README	https://data.legumeinfo.org/Glycine/max/genomes/JinDouNo_23.gnm1.GBYD/README.JinDouNo_23.gnm1.GBYD.yml	933a39c180bcce746f429bd3ef6936863c0c1eb01dd89cd89306d718c0902077	JinDouNo_23.gnm1.GBYD	Glycine max	Chr	https://ngdc.cncb.ac.cn/gwh/Genome/43/show	None	None	10.1016/j.cell.2020.05.023	Pan-Genome of Wild and Cultivated Soybeans	public	open	.	PASS
dcc9a52283bb1114	Lablab purpureus	highworth	structural_proxy	LEGUMEINFO_README	https://data.legumeinfo.org/Lablab/purpureus/genomes/Highworth.gnm1.8K16/README.Highworth.gnm1.8K16.yml	7948132504575d8e043499758be2ed1576fde04bd46592efcc52680e41f4c9d4	Highworth.gnm1.8K16	Lablab purpureus	chr	https://hpc.ilri.cgiar.org/~bngina/lablab_longread_sequencing_March_2022	None	PRJNA474418	10.1038/s41467-023-37489-7	Chromosome-level genome assembly and population genomic resource to accelerate orphan crop lablab breeding.	public	Open	.	PASS
dd312fa88f27de8e	Phaseolus vulgaris	g19833	structural_proxy	LEGUMEINFO_README	https://data.legumeinfo.org/Phaseolus/vulgaris/genomes/G19833.gnm1.zBnF/README.G19833.gnm1.zBnF.yml	cd2b87818e57eaa34838dc7ca01d74bd26d609aa62abb70c85ac438982b1edc2	G19833.gnm1.zBnF	Phaseolus vulgaris	Chr	http://phytozome.jgi.doe.gov	GCA_000499845.1	PRJNA41439	10.1038/ng.3008	A reference genome for common bean and genome-wide analysis of dual domestications	public	Open	.	PASS
de8d18d2d19698fa	Medicago truncatula	a17hm341	structural_proxy	LEGUMEINFO_README	https://data.legumeinfo.org/Medicago/truncatula/genomes/A17_HM341.gnm4.2GZ9/README.A17_HM341.gnm4.2GZ9.yml	f8ec90fd8fdd592f817f0b90e3a9519bc1f219ae88bb94f94ba5884521ac42fc	A17_HM341.gnm4.2GZ9	Medicago truncatula	chr	http://www.medicagogenome.org/downloads/	GCF_000219495.3	PRJNA10791	10.1186/1471-2164-15-312	An improved genome release (version Mt4.0) for the model legume Medicago truncatula	Public	Open	.	PASS
e0531d7ddcf2cb97	Arachis ipaensis	araip11	chromosome_official	NCBI_ASSEMBLY_REPORT	data/raw/legume_family/ncbi/Arachis_ipaensis/Araip1.1/assembly_report/GCF_000816755.2_Araip1.1_assembly_report.txt	b734ca18b9e8e6a053cf81b42fac5abb8634e606aac712a4bcb57a5405f88609	.	.	.	.	GCA_000816755.2	.	.	.	public_repository	NCBI_SUBMITTER_RIGHTS_UNRESOLVED	license_review_required_ncbi_submitter_rights	LICENSE_REVIEW_REQUIRED
e1f5fa5bad42c187	Apios priceana	mo19963523	structural_proxy	LEGUMEINFO_README	https://data.legumeinfo.org/Apios/priceana/genomes/MO19963523.gnm1_hap2.GPZQ/README.MO19963523.gnm1_hap2.GPZQ.yml	ed6e1e87f669e95cd74f23cc8ff86c7fc782eab3d9068d11c1dfe11a2ba78d93	MO19963523.gnm1_hap2.GPZQ	Apios priceana	Chr	https://legumeinfo.org	GCA_051802555.1	PRJNA1252084	.	.	public, restricted	Open, with usage agreement	license_review_required	LICENSE_REVIEW_REQUIRED
e5375bfc431af7c0	Phaseolus coccineus	pha8298	structural_proxy	LEGUMEINFO_README	https://data.legumeinfo.org/Phaseolus/coccineus/genomes/PHA8298.gnm1.PYJ1/README.PHA8298.gnm1.PYJ1.yml	819eee985754d6b3edfd9bab1fb447e576d6339e3a5ead4a805dca375ed562cd	PHA8298.gnm1.PYJ1	Phaseolus coccineus	Chr	https://phytozome-next.jgi.doe.gov/info/Pcoccineus_v1_1	.	.	.	The genomic signature of wild-to-crop introgression during the domestication of scarlet runner bean (Phaseolus coccineus L.)	public	Restricted, with usage agreement	license_review_required	LICENSE_REVIEW_REQUIRED
e75b0684f432e271	Glycine max	wandouno28	structural_proxy	LEGUMEINFO_README	https://data.legumeinfo.org/Glycine/max/genomes/WanDouNo_28.gnm1.ZRP2/README.WanDouNo_28.gnm1.ZRP2.yml	ac38f500bfc44ec90800451ee97eadf30e67128c38304fa2f7a9766b572e8eef	WanDouNo_28.gnm1.ZRP2	Glycine max	Chr	https://ngdc.cncb.ac.cn/gwh/Genome/43/show	None	None	10.1016/j.cell.2020.05.023	Pan-Genome of Wild and Cultivated Soybeans	public	open	.	PASS
e7e022605327ebb2	Glycine max	tiejiasilihuang	structural_proxy	LEGUMEINFO_README	https://data.legumeinfo.org/Glycine/max/genomes/TieJiaSiLiHuang.gnm1.W9PV/README.TieJiaSiLiHuang.gnm1.W9PV.yml	83d0a575c44dc41a9829d7a68c0333f9e9acbafde7a75782672e3ed096a2c2e4	TieJiaSiLiHuang.gnm1.W9PV	Glycine max	Chr	https://ngdc.cncb.ac.cn/gwh/Genome/43/show	None	None	10.1016/j.cell.2020.05.023	Pan-Genome of Wild and Cultivated Soybeans	public	open	.	PASS
e9882add53dcf4dc	Trifolium repens	drtrirepe4hap115	chromosome_official	NCBI_ASSEMBLY_REPORT	data/raw/legume_family/ncbi/Trifolium_repens/drTriRepe4_hap1_1.5/assembly_report/GCA_032173615.1_drTriRepe4_hap1_1.5_assembly_report.txt	edcc0b456bdc36f69a07cb2ac17f155b36ac38a4d0c2cce9aa4dd1dcc555dc15	.	.	.	.	GCA_032173615.1	.	.	.	public_repository	NCBI_SUBMITTER_RIGHTS_UNRESOLVED	license_review_required_ncbi_submitter_rights	LICENSE_REVIEW_REQUIRED
ea29e5335685053a	Arachis hypogaea	asm417044v1	chromosome_official	NCBI_ASSEMBLY_REPORT	data/raw/legume_family/ncbi/Arachis_hypogaea/ASM417044v1/assembly_report/GCA_004170445.1_ASM417044v1_assembly_report.txt	d4fbd3c62d30703a9ed481028a76fb28381c0b637de14f9d10a91d747b2bb69a	.	.	.	.	GCA_004170445.1	.	.	.	public_repository	NCBI_SUBMITTER_RIGHTS_UNRESOLVED	license_review_required_ncbi_submitter_rights	LICENSE_REVIEW_REQUIRED
ef224fdfcd7f1ba8	Vicia faba	tiffany	structural_proxy	LEGUMEINFO_README	https://data.legumeinfo.org/Vicia/faba/genomes/Tiffany.gnm1.M2F3/README.Tiffany.gnm1.M2F3.yml	95837ff67d37ae2e2067ce4f20fbd7b3acf71a7677aa7eca98cadc5843969012	Tiffany.gnm1.M2F3	Vicia faba	chr	https://projects.au.dk/fabagenome/genomics-data	None	PRJEB52541	10.1038/s41586-023-05791-5	The giant diploid faba genome unlocks variation in a global protein crop	public	Open	.	PASS
f0ec01b9e4056bfc	Glycine max	wm82iga1008	structural_proxy	LEGUMEINFO_README	https://data.legumeinfo.org/Glycine/max/genomes/Wm82_IGA1008.gnm1.5CQQ/README.Wm82_IGA1008.gnm1.5CQQ.yml	bbd69c407b1223082bb4965d05af71b1117ee239fd0e4a6fc0673c5c48f787bf	Wm82_IGA1008.gnm1.5CQQ	Glycine max	chr	https://sra-download.ncbi.nlm.nih.gov/traces/wgs01/wgs_aux/WI/WW/WIWW01/WIWW01.1.fsa_nt.gz	GCA_014282185.1	PRJNA561626	10.1038/s41597-021-00947-2	Eight soybean reference genome resources from varying latitudes and agronmic traits.	public	open	.	PASS
f1607dc2d3ab2472	Phaseolus vulgaris	g19833	structural_proxy	LEGUMEINFO_README	https://data.legumeinfo.org/Phaseolus/vulgaris/genomes/G19833.gnm2.fC0g/README.G19833.gnm2.fC0g.yml	23208f86c37b4eb35a031e851e1ca38da5e4a2bc87b5643dac28fed3624c458f	G19833.gnm2.fC0g	Phaseolus vulgaris	Chr	http://phytozome.jgi.doe.gov	.	.	10.1093/nar/gkr944	.	public	open	.	PASS
f23ce0d142345d64	Glycine max	keshanno1	structural_proxy	LEGUMEINFO_README	https://data.legumeinfo.org/Glycine/max/genomes/KeShanNo_1.gnm1.3TDD/README.KeShanNo_1.gnm1.3TDD.yml	33461e02238cbfcde255fa6c62fcf4b96476f121e500f3c3df5bbfb7890c1bab	KeShanNo_1.gnm1.3TDD	Glycine max	Chr	https://ngdc.cncb.ac.cn/gwh/Genome/43/show	None	None	10.1016/j.cell.2020.05.023	Pan-Genome of Wild and Cultivated Soybeans	public	open	.	PASS
f5bbd1fd0c7f3dff	Glycine soja	w05	structural_proxy	LEGUMEINFO_README	https://data.legumeinfo.org/Glycine/soja/genomes/W05.gnm1.SVL1/README.W05.gnm1.SVL1.yml	3eec5dd8e794c4e3ee16ba0377b9fae167466f5682e5250ca632f765860c8511	W05.gnm1.SVL1	Glycine soja	Chr	https://www.ncbi.nlm.nih.gov/nuccore/QZWG00000000.1	GCA_004193775.2	PRJNA486704	10.1038/s41467-019-09142-9	A reference-grade wild soybean genome	public	open	.	PASS
f6398ce580d52503	Cercis canadensis	isc453364	structural_proxy	LEGUMEINFO_README	https://data.legumeinfo.org/Cercis/canadensis/genomes/ISC453364.gnm3.GWXB/README.ISC453364.gnm3.GWXB.yml	1970f4fbb666893af8ccc2fb4ea69fdaa0c16b77e9bcf7189f4f59d66be1f0ad	ISC453364.gnm3.GWXB	Cercis canadensis	Chr	https://phytozome-next.jgi.doe.gov/info/GmaxWm82ISU_01_v2_1	.	.	.	.	public, restricted	Open, with usage agreement	license_review_required	LICENSE_REVIEW_REQUIRED
fc8d57c1319bc410	Phaseolus coccineus	pha8298	structural_proxy	LEGUMEINFO_README	https://data.legumeinfo.org/Phaseolus/coccineus/genomes/PHA8298.gnm1.PYJ1/README.PHA8298.gnm1.PYJ1.yml	819eee985754d6b3edfd9bab1fb447e576d6339e3a5ead4a805dca375ed562cd	PHA8298.gnm1.PYJ1	Phaseolus coccineus	Chr	https://phytozome-next.jgi.doe.gov/info/Pcoccineus_v1_1	.	.	.	The genomic signature of wild-to-crop introgression during the domestication of scarlet runner bean (Phaseolus coccineus L.)	public	Restricted, with usage agreement	license_review_required	LICENSE_REVIEW_REQUIRED
fca2e8d89b64453f	Glycine max	whfsgmhx310	chromosome_official	NCBI_ASSEMBLY_REPORT	data/raw/legume_family/ncbi/Glycine_max/WHFS_GmHX3_1.0/assembly_report/GCA_014282145.1_WHFS_GmHX3_1.0_assembly_report.txt	588571dec0dc574a8d1a104bb55b7d45a415386513d569e534e39829b65b7355	.	.	.	.	GCA_014282145.1	.	.	.	public_repository	NCBI_SUBMITTER_RIGHTS_UNRESOLVED	license_review_required_ncbi_submitter_rights	LICENSE_REVIEW_REQUIRED
fd31734f0f163667	Lens ervoides	ig72815	structural_proxy	LEGUMEINFO_README	https://data.legumeinfo.org/Lens/ervoides/genomes/IG_72815.gnm1.ZDWF/README.IG_72815.gnm1.ZDWF.yml	1e88b103b6211645af6c21ee730107b608f0535ca8f8c1313c94ff1fff42b861	IG_72815.gnm1.ZDWF	Lens ervoides	Ler.1DRT.Chr	https://knowpulse.usask.ca/data_files/assemblies/Ler.1DRT.zip	None	None	10.1101/2021.07.23.453237	Genomic rearrangements have consequences for introgression breeding as revealed by genome assemblies of wild and cultivated lentil species.	public	Open	.	PASS
ff55280a152972fc	Apios americana	la2127	structural_proxy	LEGUMEINFO_README	https://data.legumeinfo.org/Apios/americana/genomes/LA2127.gnm1_hap2.3WWC/README.LA2127.gnm1_hap2.3WWC.yml	f5b688340e224070dbf3aa1fe7979a0ffa8a0d2f09e40b81de06de111ce7d09a	LA2127.gnm1_hap2.3WWC	Apios americana	Chr	https://legumeinfo.org	GCA_051802325.1	PRJNA1251542	.	.	public, restricted	Open, with usage agreement	license_review_required	LICENSE_REVIEW_REQUIRED
