candidate_id	species	material_key	context_length	eligible_nonoverlap_windows	eligible	status
01bd34ba2a35deea	Glycine max	ooyachi2	1024	958012	True	ELIGIBLE
01bd34ba2a35deea	Glycine max	ooyachi2	8192	119664	True	ELIGIBLE
01bd34ba2a35deea	Glycine max	ooyachi2	32768	29835	True	ELIGIBLE
01bd34ba2a35deea	Glycine max	ooyachi2	65536	14873	True	ELIGIBLE
01bd34ba2a35deea	Glycine max	ooyachi2	131072	7382	True	ELIGIBLE
01bd34ba2a35deea	Glycine max	ooyachi2	262144	3643	True	ELIGIBLE
0b4f69cb2f7e7490	Lupinus albus	amiga	1024	421480	True	ELIGIBLE
0b4f69cb2f7e7490	Lupinus albus	amiga	8192	52649	True	ELIGIBLE
0b4f69cb2f7e7490	Lupinus albus	amiga	32768	13137	True	ELIGIBLE
0b4f69cb2f7e7490	Lupinus albus	amiga	65536	6550	True	ELIGIBLE
0b4f69cb2f7e7490	Lupinus albus	amiga	131072	3256	True	ELIGIBLE
0b4f69cb2f7e7490	Lupinus albus	amiga	262144	1610	True	ELIGIBLE
0dd3c819f44b67d7	Glycine max	wm82	1024	988260	True	ELIGIBLE
0dd3c819f44b67d7	Glycine max	wm82	8192	123517	True	ELIGIBLE
0dd3c819f44b67d7	Glycine max	wm82	32768	30866	True	ELIGIBLE
0dd3c819f44b67d7	Glycine max	wm82	65536	15424	True	ELIGIBLE
0dd3c819f44b67d7	Glycine max	wm82	131072	7702	True	ELIGIBLE
0dd3c819f44b67d7	Glycine max	wm82	262144	3845	True	ELIGIBLE
0de0accd36af9193	Glycine max	zhangchunmancangjin	1024	972789	True	ELIGIBLE
0de0accd36af9193	Glycine max	zhangchunmancangjin	8192	121374	True	ELIGIBLE
0de0accd36af9193	Glycine max	zhangchunmancangjin	32768	30156	True	ELIGIBLE
0de0accd36af9193	Glycine max	zhangchunmancangjin	65536	14947	True	ELIGIBLE
0de0accd36af9193	Glycine max	zhangchunmancangjin	131072	7417	True	ELIGIBLE
0de0accd36af9193	Glycine max	zhangchunmancangjin	262144	3672	True	ELIGIBLE
171869ade9f5b76e	Glycine max	jinyuaniga1006	1024	961441	True	ELIGIBLE
171869ade9f5b76e	Glycine max	jinyuaniga1006	8192	119708	True	ELIGIBLE
171869ade9f5b76e	Glycine max	jinyuaniga1006	32768	29511	True	ELIGIBLE
171869ade9f5b76e	Glycine max	jinyuaniga1006	65536	14477	True	ELIGIBLE
171869ade9f5b76e	Glycine max	jinyuaniga1006	131072	6993	True	ELIGIBLE
171869ade9f5b76e	Glycine max	jinyuaniga1006	262144	3314	True	ELIGIBLE
17884d0a84029a68	Vicia faba	hedin2	1024	10993414	True	ELIGIBLE
17884d0a84029a68	Vicia faba	hedin2	8192	1371902	True	ELIGIBLE
17884d0a84029a68	Vicia faba	hedin2	32768	341053	True	ELIGIBLE
17884d0a84029a68	Vicia faba	hedin2	65536	169225	True	ELIGIBLE
17884d0a84029a68	Vicia faba	hedin2	131072	83306	True	ELIGIBLE
17884d0a84029a68	Vicia faba	hedin2	262144	40385	True	ELIGIBLE
1cac6cdef48a6b1e	Glycine max	dongnongno50	1024	963201	True	ELIGIBLE
1cac6cdef48a6b1e	Glycine max	dongnongno50	8192	120265	True	ELIGIBLE
1cac6cdef48a6b1e	Glycine max	dongnongno50	32768	29951	True	ELIGIBLE
1cac6cdef48a6b1e	Glycine max	dongnongno50	65536	14889	True	ELIGIBLE
1cac6cdef48a6b1e	Glycine max	dongnongno50	131072	7400	True	ELIGIBLE
1cac6cdef48a6b1e	Glycine max	dongnongno50	262144	3668	True	ELIGIBLE
1f214bea4d5a72fb	Glycine soja	pi578357	1024	983078	True	ELIGIBLE
1f214bea4d5a72fb	Glycine soja	pi578357	8192	122698	True	ELIGIBLE
1f214bea4d5a72fb	Glycine soja	pi578357	32768	30507	True	ELIGIBLE
1f214bea4d5a72fb	Glycine soja	pi578357	65536	15154	True	ELIGIBLE
1f214bea4d5a72fb	Glycine soja	pi578357	131072	7526	True	ELIGIBLE
1f214bea4d5a72fb	Glycine soja	pi578357	262144	3725	True	ELIGIBLE
24b40cf02b3d8889	Glycine max	miyagishirome	1024	956672	True	ELIGIBLE
24b40cf02b3d8889	Glycine max	miyagishirome	8192	119387	True	ELIGIBLE
24b40cf02b3d8889	Glycine max	miyagishirome	32768	29682	True	ELIGIBLE
24b40cf02b3d8889	Glycine max	miyagishirome	65536	14729	True	ELIGIBLE
24b40cf02b3d8889	Glycine max	miyagishirome	131072	7245	True	ELIGIBLE
24b40cf02b3d8889	Glycine max	miyagishirome	262144	3514	True	ELIGIBLE
257bdc8c02ae8e94	Glycine soja	pi562565	1024	974279	True	ELIGIBLE
257bdc8c02ae8e94	Glycine soja	pi562565	8192	121605	True	ELIGIBLE
257bdc8c02ae8e94	Glycine soja	pi562565	32768	30230	True	ELIGIBLE
257bdc8c02ae8e94	Glycine soja	pi562565	65536	15007	True	ELIGIBLE
257bdc8c02ae8e94	Glycine soja	pi562565	131072	7457	True	ELIGIBLE
257bdc8c02ae8e94	Glycine soja	pi562565	262144	3697	True	ELIGIBLE
26cafc21598b8a1f	Glycine max	xudouno1	1024	972667	True	ELIGIBLE
26cafc21598b8a1f	Glycine max	xudouno1	8192	121445	True	ELIGIBLE
26cafc21598b8a1f	Glycine max	xudouno1	32768	30243	True	ELIGIBLE
26cafc21598b8a1f	Glycine max	xudouno1	65536	15040	True	ELIGIBLE
26cafc21598b8a1f	Glycine max	xudouno1	131072	7475	True	ELIGIBLE
26cafc21598b8a1f	Glycine max	xudouno1	262144	3703	True	ELIGIBLE
29502e1062edfe93	Medicago truncatula	r108	1024	380797	True	ELIGIBLE
29502e1062edfe93	Medicago truncatula	r108	8192	47508	True	ELIGIBLE
29502e1062edfe93	Medicago truncatula	r108	32768	11796	True	ELIGIBLE
29502e1062edfe93	Medicago truncatula	r108	65536	5851	True	ELIGIBLE
29502e1062edfe93	Medicago truncatula	r108	131072	2872	True	ELIGIBLE
29502e1062edfe93	Medicago truncatula	r108	262144	1395	True	ELIGIBLE
2ca78acb5d4cc2d1	Vigna radiata	weilv9	1024	488414	True	ELIGIBLE
2ca78acb5d4cc2d1	Vigna radiata	weilv9	8192	61045	True	ELIGIBLE
2ca78acb5d4cc2d1	Vigna radiata	weilv9	32768	15254	True	ELIGIBLE
2ca78acb5d4cc2d1	Vigna radiata	weilv9	65536	7621	True	ELIGIBLE
2ca78acb5d4cc2d1	Vigna radiata	weilv9	131072	3807	True	ELIGIBLE
2ca78acb5d4cc2d1	Vigna radiata	weilv9	262144	1900	True	ELIGIBLE
351b9be376cc7087	Glycine max	pi398296	1024	975192	True	ELIGIBLE
351b9be376cc7087	Glycine max	pi398296	8192	121728	True	ELIGIBLE
351b9be376cc7087	Glycine max	pi398296	32768	30293	True	ELIGIBLE
351b9be376cc7087	Glycine max	pi398296	65536	15047	True	ELIGIBLE
351b9be376cc7087	Glycine max	pi398296	131072	7477	True	ELIGIBLE
351b9be376cc7087	Glycine max	pi398296	262144	3701	True	ELIGIBLE
3ac8f18302bca5ce	Glycine max	jack	1024	962130	True	ELIGIBLE
3ac8f18302bca5ce	Glycine max	jack	8192	120046	True	ELIGIBLE
3ac8f18302bca5ce	Glycine max	jack	32768	29825	True	ELIGIBLE
3ac8f18302bca5ce	Glycine max	jack	65536	14791	True	ELIGIBLE
3ac8f18302bca5ce	Glycine max	jack	131072	7271	True	ELIGIBLE
3ac8f18302bca5ce	Glycine max	jack	262144	3515	True	ELIGIBLE
3b922ebbef5d2263	Glycine max	harosoy	1024	966290	True	ELIGIBLE
3b922ebbef5d2263	Glycine max	harosoy	8192	120675	True	ELIGIBLE
3b922ebbef5d2263	Glycine max	harosoy	32768	30073	True	ELIGIBLE
3b922ebbef5d2263	Glycine max	harosoy	65536	14977	True	ELIGIBLE
3b922ebbef5d2263	Glycine max	harosoy	131072	7426	True	ELIGIBLE
3b922ebbef5d2263	Glycine max	harosoy	262144	3648	True	ELIGIBLE
3e10267861bb14ef	Glycine max	yudouno22	1024	966647	True	ELIGIBLE
3e10267861bb14ef	Glycine max	yudouno22	8192	120686	True	ELIGIBLE
3e10267861bb14ef	Glycine max	yudouno22	32768	30046	True	ELIGIBLE
3e10267861bb14ef	Glycine max	yudouno22	65536	14932	True	ELIGIBLE
3e10267861bb14ef	Glycine max	yudouno22	131072	7423	True	ELIGIBLE
3e10267861bb14ef	Glycine max	yudouno22	262144	3683	True	ELIGIBLE
3f2bcde8b6efba1f	Phaseolus vulgaris	5593	1024	555747	True	ELIGIBLE
3f2bcde8b6efba1f	Phaseolus vulgaris	5593	8192	69457	True	ELIGIBLE
3f2bcde8b6efba1f	Phaseolus vulgaris	5593	32768	17356	True	ELIGIBLE
3f2bcde8b6efba1f	Phaseolus vulgaris	5593	65536	8672	True	ELIGIBLE
3f2bcde8b6efba1f	Phaseolus vulgaris	5593	131072	4329	True	ELIGIBLE
3f2bcde8b6efba1f	Phaseolus vulgaris	5593	262144	2159	True	ELIGIBLE
539814fd4ada940f	Glycine max	fukuyutaka	1024	965113	True	ELIGIBLE
539814fd4ada940f	Glycine max	fukuyutaka	8192	120587	True	ELIGIBLE
539814fd4ada940f	Glycine max	fukuyutaka	32768	30102	True	ELIGIBLE
539814fd4ada940f	Glycine max	fukuyutaka	65536	15017	True	ELIGIBLE
539814fd4ada940f	Glycine max	fukuyutaka	131072	7471	True	ELIGIBLE
539814fd4ada940f	Glycine max	fukuyutaka	262144	3708	True	ELIGIBLE
56bc7c342b765b44	Glycine soja	pi549046	1024	959091	True	ELIGIBLE
56bc7c342b765b44	Glycine soja	pi549046	8192	119731	True	ELIGIBLE
56bc7c342b765b44	Glycine soja	pi549046	32768	29801	True	ELIGIBLE
56bc7c342b765b44	Glycine soja	pi549046	65536	14817	True	ELIGIBLE
56bc7c342b765b44	Glycine soja	pi549046	131072	7373	True	ELIGIBLE
56bc7c342b765b44	Glycine soja	pi549046	262144	3658	True	ELIGIBLE
5844dd514643bfc4	Glycine max	fiskebyiii	1024	954528	True	ELIGIBLE
5844dd514643bfc4	Glycine max	fiskebyiii	8192	119250	True	ELIGIBLE
5844dd514643bfc4	Glycine max	fiskebyiii	32768	29756	True	ELIGIBLE
5844dd514643bfc4	Glycine max	fiskebyiii	65536	14840	True	ELIGIBLE
5844dd514643bfc4	Glycine max	fiskebyiii	131072	7384	True	ELIGIBLE
5844dd514643bfc4	Glycine max	fiskebyiii	262144	3652	True	ELIGIBLE
5f25bd9cfe3467d5	Glycine max	qihuangno34	1024	961852	True	ELIGIBLE
5f25bd9cfe3467d5	Glycine max	qihuangno34	8192	120178	True	ELIGIBLE
5f25bd9cfe3467d5	Glycine max	qihuangno34	32768	29995	True	ELIGIBLE
5f25bd9cfe3467d5	Glycine max	qihuangno34	65536	14960	True	ELIGIBLE
5f25bd9cfe3467d5	Glycine max	qihuangno34	131072	7451	True	ELIGIBLE
5f25bd9cfe3467d5	Glycine max	qihuangno34	262144	3699	True	ELIGIBLE
61894c4aea5cf5df	Glycine max	zhutwinning2	1024	966208	True	ELIGIBLE
61894c4aea5cf5df	Glycine max	zhutwinning2	8192	120616	True	ELIGIBLE
61894c4aea5cf5df	Glycine max	zhutwinning2	32768	30019	True	ELIGIBLE
61894c4aea5cf5df	Glycine max	zhutwinning2	65536	14917	True	ELIGIBLE
61894c4aea5cf5df	Glycine max	zhutwinning2	131072	7410	True	ELIGIBLE
61894c4aea5cf5df	Glycine max	zhutwinning2	262144	3664	True	ELIGIBLE
667ae3303395f049	Glycine max	jidouno17	1024	982355	True	ELIGIBLE
667ae3303395f049	Glycine max	jidouno17	8192	122639	True	ELIGIBLE
667ae3303395f049	Glycine max	jidouno17	32768	30511	True	ELIGIBLE
667ae3303395f049	Glycine max	jidouno17	65536	15155	True	ELIGIBLE
667ae3303395f049	Glycine max	jidouno17	131072	7529	True	ELIGIBLE
667ae3303395f049	Glycine max	jidouno17	262144	3724	True	ELIGIBLE
6935c73bd3792804	Glycine max	kosuzu	1024	957166	True	ELIGIBLE
6935c73bd3792804	Glycine max	kosuzu	8192	119588	True	ELIGIBLE
6935c73bd3792804	Glycine max	kosuzu	32768	29845	True	ELIGIBLE
6935c73bd3792804	Glycine max	kosuzu	65536	14893	True	ELIGIBLE
6935c73bd3792804	Glycine max	kosuzu	131072	7416	True	ELIGIBLE
6935c73bd3792804	Glycine max	kosuzu	262144	3677	True	ELIGIBLE
6ad3d7c855c721ce	Vigna angularis	shumari	1024	451097	True	ELIGIBLE
6ad3d7c855c721ce	Vigna angularis	shumari	8192	56153	True	ELIGIBLE
6ad3d7c855c721ce	Vigna angularis	shumari	32768	13829	True	ELIGIBLE
6ad3d7c855c721ce	Vigna angularis	shumari	65536	6785	True	ELIGIBLE
6ad3d7c855c721ce	Vigna angularis	shumari	131072	3268	True	ELIGIBLE
6ad3d7c855c721ce	Vigna angularis	shumari	262144	1514	True	ELIGIBLE
6b1673473c52ff69	Glycine max	tanba	1024	957686	True	ELIGIBLE
6b1673473c52ff69	Glycine max	tanba	8192	119639	True	ELIGIBLE
6b1673473c52ff69	Glycine max	tanba	32768	29857	True	ELIGIBLE
6b1673473c52ff69	Glycine max	tanba	65536	14885	True	ELIGIBLE
6b1673473c52ff69	Glycine max	tanba	131072	7401	True	ELIGIBLE
6b1673473c52ff69	Glycine max	tanba	262144	3657	True	ELIGIBLE
6d38dcb5c92d95c2	Glycine max	wm82njau	1024	988068	True	ELIGIBLE
6d38dcb5c92d95c2	Glycine max	wm82njau	8192	123498	True	ELIGIBLE
6d38dcb5c92d95c2	Glycine max	wm82njau	32768	30864	True	ELIGIBLE
6d38dcb5c92d95c2	Glycine max	wm82njau	65536	15427	True	ELIGIBLE
6d38dcb5c92d95c2	Glycine max	wm82njau	131072	7708	True	ELIGIBLE
6d38dcb5c92d95c2	Glycine max	wm82njau	262144	3847	True	ELIGIBLE
723b79a6bb0fbe82	Medicago truncatula	hm078	1024	467944	True	ELIGIBLE
723b79a6bb0fbe82	Medicago truncatula	hm078	8192	58480	True	ELIGIBLE
723b79a6bb0fbe82	Medicago truncatula	hm078	32768	14610	True	ELIGIBLE
723b79a6bb0fbe82	Medicago truncatula	hm078	65536	7300	True	ELIGIBLE
723b79a6bb0fbe82	Medicago truncatula	hm078	131072	3645	True	ELIGIBLE
723b79a6bb0fbe82	Medicago truncatula	hm078	262144	1816	True	ELIGIBLE
751847692850cd02	Arachis stenosperma	v10309	1024	1202161	True	ELIGIBLE
751847692850cd02	Arachis stenosperma	v10309	8192	149454	True	ELIGIBLE
751847692850cd02	Arachis stenosperma	v10309	32768	36637	True	ELIGIBLE
751847692850cd02	Arachis stenosperma	v10309	65536	17845	True	ELIGIBLE
751847692850cd02	Arachis stenosperma	v10309	131072	8426	True	ELIGIBLE
751847692850cd02	Arachis stenosperma	v10309	262144	3793	True	ELIGIBLE
838679e55c2d0890	Glycine max	lee	1024	990356	True	ELIGIBLE
838679e55c2d0890	Glycine max	lee	8192	123777	True	ELIGIBLE
838679e55c2d0890	Glycine max	lee	32768	30930	True	ELIGIBLE
838679e55c2d0890	Glycine max	lee	65536	15455	True	ELIGIBLE
838679e55c2d0890	Glycine max	lee	131072	7717	True	ELIGIBLE
838679e55c2d0890	Glycine max	lee	262144	3852	True	ELIGIBLE
85b481ae24b243fe	Glycine max	zihuano4	1024	973482	True	ELIGIBLE
85b481ae24b243fe	Glycine max	zihuano4	8192	121537	True	ELIGIBLE
85b481ae24b243fe	Glycine max	zihuano4	32768	30244	True	ELIGIBLE
85b481ae24b243fe	Glycine max	zihuano4	65536	15023	True	ELIGIBLE
85b481ae24b243fe	Glycine max	zihuano4	131072	7461	True	ELIGIBLE
85b481ae24b243fe	Glycine max	zihuano4	262144	3703	True	ELIGIBLE
887fc38a30f65f36	Glycine max	fengdihuang	1024	966575	True	ELIGIBLE
887fc38a30f65f36	Glycine max	fengdihuang	8192	120647	True	ELIGIBLE
887fc38a30f65f36	Glycine max	fengdihuang	32768	30004	True	ELIGIBLE
887fc38a30f65f36	Glycine max	fengdihuang	65536	14904	True	ELIGIBLE
887fc38a30f65f36	Glycine max	fengdihuang	131072	7400	True	ELIGIBLE
887fc38a30f65f36	Glycine max	fengdihuang	262144	3674	True	ELIGIBLE
8948693e7614b9a0	Glycine max	amsoy	1024	962317	True	ELIGIBLE
8948693e7614b9a0	Glycine max	amsoy	8192	120141	True	ELIGIBLE
8948693e7614b9a0	Glycine max	amsoy	32768	29901	True	ELIGIBLE
8948693e7614b9a0	Glycine max	amsoy	65536	14854	True	ELIGIBLE
8948693e7614b9a0	Glycine max	amsoy	131072	7376	True	ELIGIBLE
8948693e7614b9a0	Glycine max	amsoy	262144	3656	True	ELIGIBLE
8c21e283eca8cf3b	Glycine max	heiheno43	1024	965974	True	ELIGIBLE
8c21e283eca8cf3b	Glycine max	heiheno43	8192	120625	True	ELIGIBLE
8c21e283eca8cf3b	Glycine max	heiheno43	32768	30050	True	ELIGIBLE
8c21e283eca8cf3b	Glycine max	heiheno43	65536	14957	True	ELIGIBLE
8c21e283eca8cf3b	Glycine max	heiheno43	131072	7436	True	ELIGIBLE
8c21e283eca8cf3b	Glycine max	heiheno43	262144	3688	True	ELIGIBLE
8d0c2b4f173cd9e7	Cercis chinensis	gxib	1024	323548	True	ELIGIBLE
8d0c2b4f173cd9e7	Cercis chinensis	gxib	8192	40433	True	ELIGIBLE
8d0c2b4f173cd9e7	Cercis chinensis	gxib	32768	10100	True	ELIGIBLE
8d0c2b4f173cd9e7	Cercis chinensis	gxib	65536	5046	True	ELIGIBLE
8d0c2b4f173cd9e7	Cercis chinensis	gxib	131072	2519	True	ELIGIBLE
8d0c2b4f173cd9e7	Cercis chinensis	gxib	262144	1254	True	ELIGIBLE
8f9a4aa16c3e8be0	Glycine max	ua4805	1024	961196	True	ELIGIBLE
8f9a4aa16c3e8be0	Glycine max	ua4805	8192	120067	True	ELIGIBLE
8f9a4aa16c3e8be0	Glycine max	ua4805	32768	29940	True	ELIGIBLE
8f9a4aa16c3e8be0	Glycine max	ua4805	65536	14921	True	ELIGIBLE
8f9a4aa16c3e8be0	Glycine max	ua4805	131072	7415	True	ELIGIBLE
8f9a4aa16c3e8be0	Glycine max	ua4805	262144	3664	True	ELIGIBLE
91a6c657f1069f3c	Phaseolus acutifolius	frijolbayo	1024	490323	True	ELIGIBLE
91a6c657f1069f3c	Phaseolus acutifolius	frijolbayo	8192	61060	True	ELIGIBLE
91a6c657f1069f3c	Phaseolus acutifolius	frijolbayo	32768	15080	True	ELIGIBLE
91a6c657f1069f3c	Phaseolus acutifolius	frijolbayo	65536	7388	True	ELIGIBLE
91a6c657f1069f3c	Phaseolus acutifolius	frijolbayo	131072	3578	True	ELIGIBLE
91a6c657f1069f3c	Phaseolus acutifolius	frijolbayo	262144	1727	True	ELIGIBLE
96468b4838f74d0d	Glycine max	enrei	1024	954859	True	ELIGIBLE
96468b4838f74d0d	Glycine max	enrei	8192	119300	True	ELIGIBLE
96468b4838f74d0d	Glycine max	enrei	32768	29772	True	ELIGIBLE
96468b4838f74d0d	Glycine max	enrei	65536	14852	True	ELIGIBLE
96468b4838f74d0d	Glycine max	enrei	131072	7388	True	ELIGIBLE
96468b4838f74d0d	Glycine max	enrei	262144	3659	True	ELIGIBLE
98cf7f6c3f3626e4	Glycine max	zh13	1024	958908	True	ELIGIBLE
98cf7f6c3f3626e4	Glycine max	zh13	8192	119420	True	ELIGIBLE
98cf7f6c3f3626e4	Glycine max	zh13	32768	29479	True	ELIGIBLE
98cf7f6c3f3626e4	Glycine max	zh13	65536	14474	True	ELIGIBLE
98cf7f6c3f3626e4	Glycine max	zh13	131072	7026	True	ELIGIBLE
98cf7f6c3f3626e4	Glycine max	zh13	262144	3349	True	ELIGIBLE
9ae82c2a17244c72	Lens culinaris	cdcredberry	1024	3404858	True	ELIGIBLE
9ae82c2a17244c72	Lens culinaris	cdcredberry	8192	423566	True	ELIGIBLE
9ae82c2a17244c72	Lens culinaris	cdcredberry	32768	104134	True	ELIGIBLE
9ae82c2a17244c72	Lens culinaris	cdcredberry	65536	50913	True	ELIGIBLE
9ae82c2a17244c72	Lens culinaris	cdcredberry	131072	24329	True	ELIGIBLE
9ae82c2a17244c72	Lens culinaris	cdcredberry	262144	11030	True	ELIGIBLE
9db5866248855507	Glycine max	peking	1024	973530	True	ELIGIBLE
9db5866248855507	Glycine max	peking	8192	121584	True	ELIGIBLE
9db5866248855507	Glycine max	peking	32768	30308	True	ELIGIBLE
9db5866248855507	Glycine max	peking	65536	15094	True	ELIGIBLE
9db5866248855507	Glycine max	peking	131072	7484	True	ELIGIBLE
9db5866248855507	Glycine max	peking	262144	3673	True	ELIGIBLE
9fabec0202ef64df	Glycine max	himeshirazu	1024	955090	True	ELIGIBLE
9fabec0202ef64df	Glycine max	himeshirazu	8192	119195	True	ELIGIBLE
9fabec0202ef64df	Glycine max	himeshirazu	32768	29623	True	ELIGIBLE
9fabec0202ef64df	Glycine max	himeshirazu	65536	14684	True	ELIGIBLE
9fabec0202ef64df	Glycine max	himeshirazu	131072	7220	True	ELIGIBLE
9fabec0202ef64df	Glycine max	himeshirazu	262144	3504	True	ELIGIBLE
a1031c671efeadfc	Glycine max	shishengchangye	1024	970904	True	ELIGIBLE
a1031c671efeadfc	Glycine max	shishengchangye	8192	121147	True	ELIGIBLE
a1031c671efeadfc	Glycine max	shishengchangye	32768	30086	True	ELIGIBLE
a1031c671efeadfc	Glycine max	shishengchangye	65536	14931	True	ELIGIBLE
a1031c671efeadfc	Glycine max	shishengchangye	131072	7414	True	ELIGIBLE
a1031c671efeadfc	Glycine max	shishengchangye	262144	3675	True	ELIGIBLE
a427b3f85dfe3573	Cajanus cajan	icpl87119	1024	481681	True	ELIGIBLE
a427b3f85dfe3573	Cajanus cajan	icpl87119	8192	46030	True	ELIGIBLE
a427b3f85dfe3573	Cajanus cajan	icpl87119	32768	4046	True	ELIGIBLE
a427b3f85dfe3573	Cajanus cajan	icpl87119	65536	424	True	ELIGIBLE
a427b3f85dfe3573	Cajanus cajan	icpl87119	131072	6	True	ELIGIBLE
a427b3f85dfe3573	Cajanus cajan	icpl87119	262144	0	False	INELIGIBLE_LENGTH_SPECIFIC
a8412af2ff4cd5ed	Glycine max	handouno5	1024	961051	True	ELIGIBLE
a8412af2ff4cd5ed	Glycine max	handouno5	8192	119955	True	ELIGIBLE
a8412af2ff4cd5ed	Glycine max	handouno5	32768	29820	True	ELIGIBLE
a8412af2ff4cd5ed	Glycine max	handouno5	65536	14807	True	ELIGIBLE
a8412af2ff4cd5ed	Glycine max	handouno5	131072	7361	True	ELIGIBLE
a8412af2ff4cd5ed	Glycine max	handouno5	262144	3648	True	ELIGIBLE
a9c8f2b6edacea6d	Phaseolus vulgaris	ui111	1024	534711	True	ELIGIBLE
a9c8f2b6edacea6d	Phaseolus vulgaris	ui111	8192	66781	True	ELIGIBLE
a9c8f2b6edacea6d	Phaseolus vulgaris	ui111	32768	16644	True	ELIGIBLE
a9c8f2b6edacea6d	Phaseolus vulgaris	ui111	65536	8289	True	ELIGIBLE
a9c8f2b6edacea6d	Phaseolus vulgaris	ui111	131072	4111	True	ELIGIBLE
a9c8f2b6edacea6d	Phaseolus vulgaris	ui111	262144	2030	True	ELIGIBLE
aacea7c6039184ef	Glycine max	wenfeng7iga1001	1024	963588	True	ELIGIBLE
aacea7c6039184ef	Glycine max	wenfeng7iga1001	8192	119444	True	ELIGIBLE
aacea7c6039184ef	Glycine max	wenfeng7iga1001	32768	28963	True	ELIGIBLE
aacea7c6039184ef	Glycine max	wenfeng7iga1001	65536	13883	True	ELIGIBLE
aacea7c6039184ef	Glycine max	wenfeng7iga1001	131072	6481	True	ELIGIBLE
aacea7c6039184ef	Glycine max	wenfeng7iga1001	262144	2914	True	ELIGIBLE
abec76950f46db19	Medicago truncatula	a17	1024	415452	True	ELIGIBLE
abec76950f46db19	Medicago truncatula	a17	8192	51916	True	ELIGIBLE
abec76950f46db19	Medicago truncatula	a17	32768	12965	True	ELIGIBLE
abec76950f46db19	Medicago truncatula	a17	65536	6474	True	ELIGIBLE
abec76950f46db19	Medicago truncatula	a17	131072	3228	True	ELIGIBLE
abec76950f46db19	Medicago truncatula	a17	262144	1605	True	ELIGIBLE
ae8f30e37611692d	Glycine max	tiefengno18	1024	968035	True	ELIGIBLE
ae8f30e37611692d	Glycine max	tiefengno18	8192	120913	True	ELIGIBLE
ae8f30e37611692d	Glycine max	tiefengno18	32768	30152	True	ELIGIBLE
ae8f30e37611692d	Glycine max	tiefengno18	65536	15017	True	ELIGIBLE
ae8f30e37611692d	Glycine max	tiefengno18	131072	7475	True	ELIGIBLE
ae8f30e37611692d	Glycine max	tiefengno18	262144	3711	True	ELIGIBLE
b3fb81d3f6b365ee	Arachis hypogaea	baileyii	1024	2471846	True	ELIGIBLE
b3fb81d3f6b365ee	Arachis hypogaea	baileyii	8192	308711	True	ELIGIBLE
b3fb81d3f6b365ee	Arachis hypogaea	baileyii	32768	76967	True	ELIGIBLE
b3fb81d3f6b365ee	Arachis hypogaea	baileyii	65536	38330	True	ELIGIBLE
b3fb81d3f6b365ee	Arachis hypogaea	baileyii	131072	19035	True	ELIGIBLE
b3fb81d3f6b365ee	Arachis hypogaea	baileyii	262144	9423	True	ELIGIBLE
b503a63d15d33fea	Glycine max	juxuanno23	1024	963132	True	ELIGIBLE
b503a63d15d33fea	Glycine max	juxuanno23	8192	120277	True	ELIGIBLE
b503a63d15d33fea	Glycine max	juxuanno23	32768	29965	True	ELIGIBLE
b503a63d15d33fea	Glycine max	juxuanno23	65536	14912	True	ELIGIBLE
b503a63d15d33fea	Glycine max	juxuanno23	131072	7412	True	ELIGIBLE
b503a63d15d33fea	Glycine max	juxuanno23	262144	3679	True	ELIGIBLE
bb5dcc92012e8623	Glycine max	tongshantianedan	1024	973849	True	ELIGIBLE
bb5dcc92012e8623	Glycine max	tongshantianedan	8192	121555	True	ELIGIBLE
bb5dcc92012e8623	Glycine max	tongshantianedan	32768	30238	True	ELIGIBLE
bb5dcc92012e8623	Glycine max	tongshantianedan	65536	15024	True	ELIGIBLE
bb5dcc92012e8623	Glycine max	tongshantianedan	131072	7464	True	ELIGIBLE
bb5dcc92012e8623	Glycine max	tongshantianedan	262144	3697	True	ELIGIBLE
bf8095e2d8c1826f	Arachis hypogaea	tifrunner	1024	2473442	True	ELIGIBLE
bf8095e2d8c1826f	Arachis hypogaea	tifrunner	8192	307672	True	ELIGIBLE
bf8095e2d8c1826f	Arachis hypogaea	tifrunner	32768	75583	True	ELIGIBLE
bf8095e2d8c1826f	Arachis hypogaea	tifrunner	65536	36909	True	ELIGIBLE
bf8095e2d8c1826f	Arachis hypogaea	tifrunner	131072	17595	True	ELIGIBLE
bf8095e2d8c1826f	Arachis hypogaea	tifrunner	262144	8079	True	ELIGIBLE
c3cea47e840df975	Cicer arietinum	cdcfrontier	1024	434777	True	ELIGIBLE
c3cea47e840df975	Cicer arietinum	cdcfrontier	8192	44591	True	ELIGIBLE
c3cea47e840df975	Cicer arietinum	cdcfrontier	32768	5945	True	ELIGIBLE
c3cea47e840df975	Cicer arietinum	cdcfrontier	65536	1226	True	ELIGIBLE
c3cea47e840df975	Cicer arietinum	cdcfrontier	131072	117	True	ELIGIBLE
c3cea47e840df975	Cicer arietinum	cdcfrontier	262144	3	True	ELIGIBLE
ccbf7ded4553c2ef	Glycine soja	figa1003	1024	939224	True	ELIGIBLE
ccbf7ded4553c2ef	Glycine soja	figa1003	8192	116480	True	ELIGIBLE
ccbf7ded4553c2ef	Glycine soja	figa1003	32768	28327	True	ELIGIBLE
ccbf7ded4553c2ef	Glycine soja	figa1003	65536	13629	True	ELIGIBLE
ccbf7ded4553c2ef	Glycine soja	figa1003	131072	6359	True	ELIGIBLE
ccbf7ded4553c2ef	Glycine soja	figa1003	262144	2828	True	ELIGIBLE
cd49d0d6361370b4	Trifolium pratense	hen17a07	1024	396557	True	ELIGIBLE
cd49d0d6361370b4	Trifolium pratense	hen17a07	8192	49464	True	ELIGIBLE
cd49d0d6361370b4	Trifolium pratense	hen17a07	32768	12282	True	ELIGIBLE
cd49d0d6361370b4	Trifolium pratense	hen17a07	65536	6081	True	ELIGIBLE
cd49d0d6361370b4	Trifolium pratense	hen17a07	131072	2982	True	ELIGIBLE
cd49d0d6361370b4	Trifolium pratense	hen17a07	262144	1431	True	ELIGIBLE
d026195011912245	Phaseolus lunatus	g27455	1024	499824	True	ELIGIBLE
d026195011912245	Phaseolus lunatus	g27455	8192	62379	True	ELIGIBLE
d026195011912245	Phaseolus lunatus	g27455	32768	15513	True	ELIGIBLE
d026195011912245	Phaseolus lunatus	g27455	65536	7700	True	ELIGIBLE
d026195011912245	Phaseolus lunatus	g27455	131072	3797	True	ELIGIBLE
d026195011912245	Phaseolus lunatus	g27455	262144	1846	True	ELIGIBLE
d4ed1350b181bf96	Glycine max	58161	1024	967782	True	ELIGIBLE
d4ed1350b181bf96	Glycine max	58161	8192	120791	True	ELIGIBLE
d4ed1350b181bf96	Glycine max	58161	32768	30024	True	ELIGIBLE
d4ed1350b181bf96	Glycine max	58161	65536	14910	True	ELIGIBLE
d4ed1350b181bf96	Glycine max	58161	131072	7399	True	ELIGIBLE
d4ed1350b181bf96	Glycine max	58161	262144	3659	True	ELIGIBLE
d743659d2310fe55	Glycine max	pi548362	1024	966897	True	ELIGIBLE
d743659d2310fe55	Glycine max	pi548362	8192	120655	True	ELIGIBLE
d743659d2310fe55	Glycine max	pi548362	32768	29970	True	ELIGIBLE
d743659d2310fe55	Glycine max	pi548362	65536	14883	True	ELIGIBLE
d743659d2310fe55	Glycine max	pi548362	131072	7393	True	ELIGIBLE
d743659d2310fe55	Glycine max	pi548362	262144	3651	True	ELIGIBLE
d7abe2eb0f698c46	Glycine max	jd17	1024	969407	True	ELIGIBLE
d7abe2eb0f698c46	Glycine max	jd17	8192	120998	True	ELIGIBLE
d7abe2eb0f698c46	Glycine max	jd17	32768	30094	True	ELIGIBLE
d7abe2eb0f698c46	Glycine max	jd17	65536	14926	True	ELIGIBLE
d7abe2eb0f698c46	Glycine max	jd17	131072	7383	True	ELIGIBLE
d7abe2eb0f698c46	Glycine max	jd17	262144	3646	True	ELIGIBLE
d8e304252bf5b6c7	Glycine max	zh35iga1004	1024	964150	True	ELIGIBLE
d8e304252bf5b6c7	Glycine max	zh35iga1004	8192	119235	True	ELIGIBLE
d8e304252bf5b6c7	Glycine max	zh35iga1004	32768	28667	True	ELIGIBLE
d8e304252bf5b6c7	Glycine max	zh35iga1004	65536	13633	True	ELIGIBLE
d8e304252bf5b6c7	Glycine max	zh35iga1004	131072	6312	True	ELIGIBLE
d8e304252bf5b6c7	Glycine max	zh35iga1004	262144	2777	True	ELIGIBLE
d9e3d4cd719a05e5	Glycine max	hefeng25iga1002	1024	956700	True	ELIGIBLE
d9e3d4cd719a05e5	Glycine max	hefeng25iga1002	8192	118812	True	ELIGIBLE
d9e3d4cd719a05e5	Glycine max	hefeng25iga1002	32768	29055	True	ELIGIBLE
d9e3d4cd719a05e5	Glycine max	hefeng25iga1002	65536	14100	True	ELIGIBLE
d9e3d4cd719a05e5	Glycine max	hefeng25iga1002	131072	6697	True	ELIGIBLE
d9e3d4cd719a05e5	Glycine max	hefeng25iga1002	262144	3094	True	ELIGIBLE
da2190d8185c2216	Glycine max	jindouno23	1024	974552	True	ELIGIBLE
da2190d8185c2216	Glycine max	jindouno23	8192	121655	True	ELIGIBLE
da2190d8185c2216	Glycine max	jindouno23	32768	30266	True	ELIGIBLE
da2190d8185c2216	Glycine max	jindouno23	65536	15043	True	ELIGIBLE
da2190d8185c2216	Glycine max	jindouno23	131072	7476	True	ELIGIBLE
da2190d8185c2216	Glycine max	jindouno23	262144	3707	True	ELIGIBLE
dcc9a52283bb1114	Lablab purpureus	highworth	1024	405829	True	ELIGIBLE
dcc9a52283bb1114	Lablab purpureus	highworth	8192	50515	True	ELIGIBLE
dcc9a52283bb1114	Lablab purpureus	highworth	32768	12449	True	ELIGIBLE
dcc9a52283bb1114	Lablab purpureus	highworth	65536	6136	True	ELIGIBLE
dcc9a52283bb1114	Lablab purpureus	highworth	131072	3001	True	ELIGIBLE
dcc9a52283bb1114	Lablab purpureus	highworth	262144	1449	True	ELIGIBLE
de8d18d2d19698fa	Medicago truncatula	a17hm341	1024	354348	True	ELIGIBLE
de8d18d2d19698fa	Medicago truncatula	a17hm341	8192	42043	True	ELIGIBLE
de8d18d2d19698fa	Medicago truncatula	a17hm341	32768	9216	True	ELIGIBLE
de8d18d2d19698fa	Medicago truncatula	a17hm341	65536	4008	True	ELIGIBLE
de8d18d2d19698fa	Medicago truncatula	a17hm341	131072	1601	True	ELIGIBLE
de8d18d2d19698fa	Medicago truncatula	a17hm341	262144	589	True	ELIGIBLE
e75b0684f432e271	Glycine max	wandouno28	1024	969213	True	ELIGIBLE
e75b0684f432e271	Glycine max	wandouno28	8192	121054	True	ELIGIBLE
e75b0684f432e271	Glycine max	wandouno28	32768	30173	True	ELIGIBLE
e75b0684f432e271	Glycine max	wandouno28	65536	15029	True	ELIGIBLE
e75b0684f432e271	Glycine max	wandouno28	131072	7455	True	ELIGIBLE
e75b0684f432e271	Glycine max	wandouno28	262144	3690	True	ELIGIBLE
e7e022605327ebb2	Glycine max	tiejiasilihuang	1024	968930	True	ELIGIBLE
e7e022605327ebb2	Glycine max	tiejiasilihuang	8192	120903	True	ELIGIBLE
e7e022605327ebb2	Glycine max	tiejiasilihuang	32768	30049	True	ELIGIBLE
e7e022605327ebb2	Glycine max	tiejiasilihuang	65536	14906	True	ELIGIBLE
e7e022605327ebb2	Glycine max	tiejiasilihuang	131072	7399	True	ELIGIBLE
e7e022605327ebb2	Glycine max	tiejiasilihuang	262144	3668	True	ELIGIBLE
ef224fdfcd7f1ba8	Vicia faba	tiffany	1024	10601083	True	ELIGIBLE
ef224fdfcd7f1ba8	Vicia faba	tiffany	8192	1319799	True	ELIGIBLE
ef224fdfcd7f1ba8	Vicia faba	tiffany	32768	325334	True	ELIGIBLE
ef224fdfcd7f1ba8	Vicia faba	tiffany	65536	159579	True	ELIGIBLE
ef224fdfcd7f1ba8	Vicia faba	tiffany	131072	76811	True	ELIGIBLE
ef224fdfcd7f1ba8	Vicia faba	tiffany	262144	35614	True	ELIGIBLE
f0ec01b9e4056bfc	Glycine max	wm82iga1008	1024	956847	True	ELIGIBLE
f0ec01b9e4056bfc	Glycine max	wm82iga1008	8192	118721	True	ELIGIBLE
f0ec01b9e4056bfc	Glycine max	wm82iga1008	32768	28925	True	ELIGIBLE
f0ec01b9e4056bfc	Glycine max	wm82iga1008	65536	13965	True	ELIGIBLE
f0ec01b9e4056bfc	Glycine max	wm82iga1008	131072	6600	True	ELIGIBLE
f0ec01b9e4056bfc	Glycine max	wm82iga1008	262144	2993	True	ELIGIBLE
f1607dc2d3ab2472	Phaseolus vulgaris	g19833	1024	496121	True	ELIGIBLE
f1607dc2d3ab2472	Phaseolus vulgaris	g19833	8192	61765	True	ELIGIBLE
f1607dc2d3ab2472	Phaseolus vulgaris	g19833	32768	15219	True	ELIGIBLE
f1607dc2d3ab2472	Phaseolus vulgaris	g19833	65536	7473	True	ELIGIBLE
f1607dc2d3ab2472	Phaseolus vulgaris	g19833	131072	3610	True	ELIGIBLE
f1607dc2d3ab2472	Phaseolus vulgaris	g19833	262144	1680	True	ELIGIBLE
f23ce0d142345d64	Glycine max	keshanno1	1024	962390	True	ELIGIBLE
f23ce0d142345d64	Glycine max	keshanno1	8192	120190	True	ELIGIBLE
f23ce0d142345d64	Glycine max	keshanno1	32768	29948	True	ELIGIBLE
f23ce0d142345d64	Glycine max	keshanno1	65536	14910	True	ELIGIBLE
f23ce0d142345d64	Glycine max	keshanno1	131072	7414	True	ELIGIBLE
f23ce0d142345d64	Glycine max	keshanno1	262144	3675	True	ELIGIBLE
f5bbd1fd0c7f3dff	Glycine soja	w05	1024	922859	True	ELIGIBLE
f5bbd1fd0c7f3dff	Glycine soja	w05	8192	114998	True	ELIGIBLE
f5bbd1fd0c7f3dff	Glycine soja	w05	32768	28436	True	ELIGIBLE
f5bbd1fd0c7f3dff	Glycine soja	w05	65536	14024	True	ELIGIBLE
f5bbd1fd0c7f3dff	Glycine soja	w05	131072	6807	True	ELIGIBLE
f5bbd1fd0c7f3dff	Glycine soja	w05	262144	3221	True	ELIGIBLE
fd31734f0f163667	Lens ervoides	ig72815	1024	2686279	True	ELIGIBLE
fd31734f0f163667	Lens ervoides	ig72815	8192	335210	True	ELIGIBLE
fd31734f0f163667	Lens ervoides	ig72815	32768	83324	True	ELIGIBLE
fd31734f0f163667	Lens ervoides	ig72815	65536	41349	True	ELIGIBLE
fd31734f0f163667	Lens ervoides	ig72815	131072	20361	True	ELIGIBLE
fd31734f0f163667	Lens ervoides	ig72815	262144	9870	True	ELIGIBLE
