candidate_id	species	material_key	near_duplicate_group_id	near_duplicate_group_size	near_duplicate_representative	max_global_jaccard
0105841b3d761b8a	Trigonella corniculata	nbpgrkmethi1	near-0105841b3d761b8a	1	True	0.07195144
01095238acb23a90	Ononis reclinata	dronorecl1hap11	near-01095238acb23a90	1	True	0.00360132
0134cd3270bdfc7a	Glycine canescens	gcan10	near-0134cd3270bdfc7a	1	True	0.37516417
01bd34ba2a35deea	Glycine max	ooyachi2	near-01bd34ba2a35deea	1	True	0.73092440
027c09fbd90a132f	Glycine max	zh13	near-027c09fbd90a132f	8	True	0.99249905
02f77fe85874d9d1	Medicago lupulina	drmedlupu11	near-02f77fe85874d9d1	1	True	0.04935847
048deac0b41ba782	Piptanthus nepalensis	asm5594430v1	near-048deac0b41ba782	1	True	0.01758931
05ad07a362bbaf87	Amphicarpaea edgeworthii	asm1484372v1	near-05ad07a362bbaf87	1	True	0.01286636
07fae578244baa68	Cicer arietinum	asm34727v3	near-07fae578244baa68	4	True	1.00000000
09d64a35cfa9497a	Medicago sativa	asm4841850v1	near-09d64a35cfa9497a	1	True	0.34853488
0a5a35e474446d15	Medicago truncatula	hm056	near-0a5a35e474446d15	1	True	0.65303513
0b4f69cb2f7e7490	Lupinus albus	amiga	near-0b4f69cb2f7e7490	2	True	1.00000000
0d0ef55ae6b0667a	Phaseolus coccineus	pcoc1	near-0d0ef55ae6b0667a	1	True	0.44369254
0d369ef4d174838f	Chamaecrista fasciculata	isc494698	near-0d369ef4d174838f	2	True	1.00000000
0d4bbe911fa24fe9	Strongylodon macrobotrys	asm5281534v1	near-0d4bbe911fa24fe9	1	True	0.73843588
0dad4b7c48918a2d	Medicago truncatula	hm129	near-0dad4b7c48918a2d	1	True	0.65456464
0dc34b669095c6fc	Stylosanthes angustifolia	asm4612593v1	near-0dc34b669095c6fc	1	True	0.00660564
0dd3c819f44b67d7	Glycine max	wm82	near-0dd3c819f44b67d7	15	True	0.99659530
0de0accd36af9193	Glycine max	zhangchunmancangjin	near-0de0accd36af9193	1	True	0.86817640
0df156cb56003e79	Glycine max	whfsgmwf710	near-0df156cb56003e79	2	True	1.00000000
109ae664faca4799	Chamaecrista fasciculata	isc494698	near-109ae664faca4799	2	True	1.00000000
113fadf96eebfab1	Cicer reticulatum	besev079	near-113fadf96eebfab1	1	True	0.57829038
114a4714c62f84aa	Dalbergia cochinchinensis	dacoc12	near-114a4714c62f84aa	1	True	0.55604326
11b5b397b75578bb	Lotus japonicus	mg20	near-11b5b397b75578bb	1	True	0.75427475
13c241bd7fddb5df	Pueraria montana var. thomsonii	asm3704321v1	near-13c241bd7fddb5df	1	True	0.41073437
152a73331c68496b	Phaseolus acutifolius	w615578	near-152a73331c68496b	1	True	0.47456682
155d14055ff0f670	Medicago sativa	asm4841796v1	near-155d14055ff0f670	1	True	0.39062116
16beef999dd1be0e	Vigna umbellata	ff25vum1	near-16beef999dd1be0e	1	True	0.85038732
171869ade9f5b76e	Glycine max	jinyuaniga1006	near-171869ade9f5b76e	2	True	1.00000000
17884d0a84029a68	Vicia faba	hedin2	near-17884d0a84029a68	3	True	1.00000000
17921cb217286fc4	Bauhinia variegata	asm2237911v2	near-17921cb217286fc4	2	True	1.00000000
179aa3b9d7ae5dd3	Pueraria montana	asm2517757v1	near-179aa3b9d7ae5dd3	1	True	0.21323873
17a6cb87f6f8221d	Gleditsia sinensis	asm3707453v1	near-17a6cb87f6f8221d	1	True	0.00312697
17aa980862a428b6	Arachis duranensis	v14167	near-17aa980862a428b6	4	True	0.99991522
17e7b10334e776bc	Trifolium repens	drtrirepe3hap2	near-17e7b10334e776bc	1	True	0.52668564
1815273b5e4ad094	Arachis hypogaea	tifrunner	near-1815273b5e4ad094	1	True	0.34074962
18614e22cfd1167a	Glycine max	glycinemaxv21	near-0dd3c819f44b67d7	15	False	1.00000000
1945ba4c0ba1281f	Ormosia henryi	asm5232476v1	near-1945ba4c0ba1281f	1	True	0.59324442
195fb29e3840d61b	Phaseolus vulgaris	pvulgarisv20	near-195fb29e3840d61b	5	True	0.99916217
1969c44cccdbc0ca	Medicago truncatula	hm022	near-1969c44cccdbc0ca	1	True	0.44874160
19a3704fc5744b8a	Medicago sativa	regensy27x	near-19a3704fc5744b8a	2	True	1.00000000
19b005bcf2747187	Medicago sativa	asm4841852v1	near-19b005bcf2747187	1	True	0.40267579
1a700e8353f7effb	Medicago sativa	regensy27x	near-1a700e8353f7effb	2	True	1.00000000
1a8f6038ca9ca128	Vicia sativa	drvicsati1hap11	near-1a8f6038ca9ca128	1	True	0.20040189
1b3bf9483f50efe1	Medicago sativa	asm5485547v1	near-1a700e8353f7effb	2	False	1.00000000
1b93544fbbeb7d5d	Abrus pulchellus subsp. cantoniensis	asm2408682v1	near-1b93544fbbeb7d5d	2	True	1.00000000
1be2867072344ebf	Glycine max	gmbrs537a1v2	near-1be2867072344ebf	2	True	0.96892659
1cac6cdef48a6b1e	Glycine max	dongnongno50	near-1cac6cdef48a6b1e	1	True	0.80136436
1e03257b23978be3	Arachis hypogaea	f07	near-1e03257b23978be3	17	True	0.97595996
1e2b22ed1968e522	Medicago sativa	asm4841818v1	near-1e2b22ed1968e522	1	True	0.37678507
1e3747d1b9b74146	Phaseolus vulgaris	ui111	near-1e3747d1b9b74146	2	True	1.00000000
1edf6a8a547243a1	Delonix regia	asm3707448v1	near-1edf6a8a547243a1	1	True	0.00257627
1f214bea4d5a72fb	Glycine soja	pi578357	near-1f214bea4d5a72fb	1	True	0.74943917
1f40f5aa5311bfd9	Zenia insignis	kibzeins10	near-1f40f5aa5311bfd9	1	True	0.00218168
1f47770d9ba1c1ad	Lupinus angustifolius	lupangtanjilv10	near-1f47770d9ba1c1ad	2	True	1.00000000
1fb9da72b0a86a36	Medicago truncatula	hm018	near-1fb9da72b0a86a36	2	True	0.96686924
1fd349abbed91199	Ulex minor	drulemino1hap11	near-1fd349abbed91199	1	True	0.04801993
202b9d0c154b153d	Medicago sativa	asm4841838v1	near-202b9d0c154b153d	1	True	0.36804809
2179c531b0a9a43e	Cicer arietinum	cdcfrontier	near-2179c531b0a9a43e	4	True	0.99988495
2190c3d385555d34	Medicago sativa	regensy27x	near-2190c3d385555d34	2	True	1.00000000
2206735389f8037c	Glycine max	gmaxgtjackrs1	near-2206735389f8037c	1	True	0.90642014
230ff5af852ebb17	Vigna angularis	asm1680809v1	near-230ff5af852ebb17	1	True	0.91968679
24b40cf02b3d8889	Glycine max	miyagishirome	near-24b40cf02b3d8889	1	True	0.68788909
24e3f03ccd507b5e	Trifolium repens	agrtov5	near-24e3f03ccd507b5e	1	True	0.46911521
24f2a123e400711d	Strongylodon macrobotrys	asm5281532v1	near-24f2a123e400711d	1	True	0.73843588
2541638755aba373	Medicago truncatula	hm095	near-2541638755aba373	1	True	0.70199113
257bdc8c02ae8e94	Glycine soja	pi562565	near-257bdc8c02ae8e94	1	True	0.73965471
25f7a12b481e1aef	Phaseolus vulgaris	asm5162235v1	near-25f7a12b481e1aef	1	True	0.89769802
260e15d3d4bcaddf	Medicago truncatula	hm185	near-260e15d3d4bcaddf	1	True	0.70199113
2668c38c34899fbd	Cicer reticulatum	asm368901v2	near-2668c38c34899fbd	2	True	1.00000000
26cafc21598b8a1f	Glycine max	xudouno1	near-26cafc21598b8a1f	1	True	0.81333333
276bf5aba98fcde7	Mimosa bimucronata	asm3707451v1	near-276bf5aba98fcde7	1	True	0.00422554
282a2bc92d129efa	Senna tora	asm1485142v1	near-282a2bc92d129efa	1	True	0.00975019
28848ab5829075a7	Lupinus angustifolius	asm228589v1	near-28848ab5829075a7	2	True	0.99975652
29502e1062edfe93	Medicago truncatula	r108	near-29502e1062edfe93	2	True	1.00000000
2b995edfcb89c886	Pisum sativum	zw6	near-2b995edfcb89c886	2	True	0.99990930
2bc7377298bd3fae	Senna siamea	ssia10	near-2bc7377298bd3fae	1	True	0.00975019
2c2bfa188a2ecbed	Glycine max	wm82	near-0dd3c819f44b67d7	15	False	1.00000000
2c32947ccaad4cd0	Lablab purpureus	ilrilpur	near-2c32947ccaad4cd0	2	True	1.00000000
2ca78acb5d4cc2d1	Vigna radiata	weilv9	near-2ca78acb5d4cc2d1	2	True	1.00000000
2cdc63a68248433e	Bauhinia variegata	asm2237911v1	near-17921cb217286fc4	2	False	1.00000000
2d478aa217e9bb5c	Vigna radiata	vc1973a	near-2d478aa217e9bb5c	2	True	0.99896441
2daddc3ee04c2da4	Phaseolus vulgaris	asm5686998v1	near-2daddc3ee04c2da4	1	True	0.90504740
2e6270d00994b4eb	Cajanus cajan	ccajanv11	near-2e6270d00994b4eb	5	True	0.99464688
2f841394a8ac723e	Pisum sativum	cameor	near-2f841394a8ac723e	2	True	1.00000000
31c80bbe41bbc722	Medicago sativa	asm5485560v1	near-2190c3d385555d34	2	False	1.00000000
3374dd5070afe91a	Ornithopus perpusillus	drornperp1hap11	near-3374dd5070afe91a	1	True	0.93521516
338b426684d64480	Chamaecrista fasciculata	isc494698	near-0d369ef4d174838f	2	False	1.00000000
34a865520cde6c20	Medicago truncatula	r108hm340	near-29502e1062edfe93	2	False	1.00000000
351b9be376cc7087	Glycine max	pi398296	near-351b9be376cc7087	1	True	0.82732428
355a2916e13df156	Glycine max	lee	near-355a2916e13df156	5	True	1.00000000
361af7585c4e387c	Trifolium repens	utmtrepv10hap1	near-361af7585c4e387c	1	True	0.87272727
3692bd8191b45c00	Glycine soja	asm419377v2	near-3692bd8191b45c00	2	True	0.99969194
369c80713ac67768	Vigna unguiculata	suvita2	near-369c80713ac67768	1	True	0.80131041
36b18a63110412aa	Medicago sativa	cadlhm342	near-36b18a63110412aa	1	True	0.39165372
36fec1a295e1766f	Medicago sativa	asm4841793v1	near-36fec1a295e1766f	1	True	0.38013396
384c291022a64cb6	Glycine max	whfsgmzh1310	near-027c09fbd90a132f	8	False	1.00000000
3867bb9c558d66e6	Cicer reticulatum	asm368901v1	near-2668c38c34899fbd	2	False	1.00000000
391e92e38f9fb945	Crotalaria pallida	cpal1	near-391e92e38f9fb945	1	True	0.00331630
3a41b2e8ca5aa320	Cajanus cajan	cajcaashav20	near-2e6270d00994b4eb	5	False	0.99967125
3a61c11d2bff6da2	Phaseolus vulgaris	oacrex	near-3a61c11d2bff6da2	2	True	1.00000000
3a6e64fc6de3d765	Glycine max	enreiv330	near-3a6e64fc6de3d765	2	True	0.99652394
3abc9735177b780a	Arachis hypogaea	arahytifrunner	near-1e03257b23978be3	17	False	1.00000000
3ac8f18302bca5ce	Glycine max	jack	near-3ac8f18302bca5ce	1	True	0.76790431
3b5c89322ad7aa01	Glycine max	lee	near-355a2916e13df156	5	False	1.00000000
3b922ebbef5d2263	Glycine max	harosoy	near-3b922ebbef5d2263	1	True	0.71162645
3cc0ae79d13d49a9	Vicia faba	hedin2genomev1	near-17884d0a84029a68	3	False	1.00000000
3d10e4cb7b76e2b3	Vigna unguiculata	sanzi	near-3d10e4cb7b76e2b3	1	True	0.80065329
3e10267861bb14ef	Glycine max	yudouno22	near-3e10267861bb14ef	1	True	0.88000055
3eb46282b0082eb1	Glycine max	wm82	near-0dd3c819f44b67d7	15	False	1.00000000
3f2bcde8b6efba1f	Phaseolus vulgaris	5593	near-3f2bcde8b6efba1f	1	True	0.80671110
3fe09b71145ae91f	Flemingia macrophylla	asm4316530v1	near-3fe09b71145ae91f	1	True	0.00661119
3fe9bfb7c8321201	Phaseolus vulgaris	ciatinb841v10	near-3fe9bfb7c8321201	1	True	0.59214621
4019fa2020cdd6e7	Medicago sativa	asm4841855v1	near-4019fa2020cdd6e7	1	True	0.41103347
4080091ed6ab32ed	Medicago sativa	asm4841840v1	near-4080091ed6ab32ed	1	True	0.40925182
40ba57c2e078fb9d	Glycine max	glymaleev20	near-355a2916e13df156	5	False	0.99991088
40be408a0bb7c2be	Arachis cardenasii	k10017	near-40be408a0bb7c2be	1	True	0.26974682
4121dfa59f9e82a3	Medicago truncatula	medtra1740	near-4121dfa59f9e82a3	2	True	1.00000000
419770e1892b655a	Arachis hypogaea	tifrunner	near-1e03257b23978be3	17	False	1.00000000
42e6902fc05e0c1a	Glycine max	yundou1	near-42e6902fc05e0c1a	1	True	0.91030068
430c5927b868f32b	Phaseolus vulgaris	g19833	near-430c5927b868f32b	1	True	0.36239061
43177555a0b0532d	Glycine soja	asm4008383v1	near-43177555a0b0532d	1	True	0.76839491
45f4dcb8b3e7ce06	Phaseolus vulgaris	phasibeam100	near-45f4dcb8b3e7ce06	1	True	0.90504740
4645d6726b4bfd2d	Arachis hypogaea	hn873	near-1e03257b23978be3	17	False	0.98929582
473d96afd6793658	Glycine max	whfsgmjy10	near-171869ade9f5b76e	2	False	1.00000000
484ac27242746eae	Glycine max	zh13	near-027c09fbd90a132f	8	False	0.99249905
48a76a86f474a4e8	Medicago polymorpha	huaiyangjinhuacai	near-48a76a86f474a4e8	1	True	0.06378495
497b450b64c4d6f9	Lupinus albus	cnrslalb10	near-0b4f69cb2f7e7490	2	False	1.00000000
4996fa1f85d395b4	Medicago truncatula	hm058	near-4996fa1f85d395b4	1	True	0.66920821
4adcffd90a760081	Dalbergia cultrata	dcul10	near-4adcffd90a760081	1	True	0.03460355
4af774d3380276a6	Medicago sativa	asm4841791v1	near-4af774d3380276a6	1	True	0.39278589
4b2ece1f6537ba7f	Astragalus glycyphyllos	drastglyc11	near-4b2ece1f6537ba7f	1	True	0.03092072
4b7148124b1f98f1	Arachis duranensis	k30065	near-4b7148124b1f98f1	1	True	0.58395295
4c0bceedcb720407	Psophocarpus tetragonolobus	ptet1	near-4c0bceedcb720407	1	True	0.83018426
4c1c1d74d7e6a870	Glycine syndetika	g1300	near-4c1c1d74d7e6a870	1	True	0.48351570
4c64ec3551a311a5	Glycine max	fiskebyiii	near-4c64ec3551a311a5	2	True	1.00000000
4d7379e487aabba1	Medicago sativa	asm4841853v1	near-4d7379e487aabba1	1	True	0.39815071
4e4267a265523c1a	Phaseolus vulgaris	asm2944876v1	near-4e4267a265523c1a	1	True	0.73726469
4f2ba84ef83f10b4	Arachis hypogaea	hn51	near-1e03257b23978be3	17	False	0.98952976
4fd35dbb64b43589	Albizia julibrissin	asm3707450v1	near-4fd35dbb64b43589	1	True	0.03151930
502062c5bedafb3b	Arachis hypogaea	arahytifrunner	near-1e03257b23978be3	17	False	1.00000000
502b177d3c700104	Dalbergia cochinchinensis	dcoc10	near-502b177d3c700104	1	True	0.55604326
5045ff04509ebba0	Astragalus membranaceus	asm4292456v1	near-5045ff04509ebba0	1	True	0.29703694
5074f46498a4b0ed	Medicago truncatula	hm005	near-5074f46498a4b0ed	1	True	0.68931553
509eba810398551d	Vigna unguiculata	it97k49935	near-509eba810398551d	1	True	0.71060625
50c0b82860d15cb1	Pueraria montana var. lobata	asm2641318v1	near-50c0b82860d15cb1	1	True	0.41073437
539814fd4ada940f	Glycine max	fukuyutaka	near-539814fd4ada940f	1	True	0.77347019
53f61ceb21948c40	Lupinus angustifolius	asm228589v2	near-28848ab5829075a7	2	False	0.99975652
53ff69971c022fda	Ebenus cretica	drebecret11	near-53ff69971c022fda	3	True	1.00000000
5446c2f67c6a5679	Vigna unguiculata subsp. sesquipedalis	asm2640112v1	near-5446c2f67c6a5679	3	True	0.95313895
557227a4efbbf1a6	Vicia villosa	hv30	near-557227a4efbbf1a6	1	True	0.00961041
55b00f167cf5ad4b	Trifolium repens	utmtrepv10hap2	near-55b00f167cf5ad4b	1	True	0.70341599
56309753cfc15648	Medicago sativa	pi464715	near-56309753cfc15648	1	True	0.37590036
56b71b5fe2e26359	Vicia parviflora	drvicparv11	near-56b71b5fe2e26359	1	True	0.00815425
56bc7c342b765b44	Glycine soja	pi549046	near-56bc7c342b765b44	1	True	0.75206951
583ba5d1deb2b917	Glycine max	lee	near-583ba5d1deb2b917	1	True	0.76908692
5844dd514643bfc4	Glycine max	fiskebyiii	near-4c64ec3551a311a5	2	False	1.00000000
58455bfa5108783d	Vigna radiata	vc1973a	near-58455bfa5108783d	1	True	0.86532951
58846353edbf3856	Glycine soja	yesheng71	near-58846353edbf3856	1	True	0.74617761
598b924bbd0ebb7a	Caragana arborescens	asm5186164v1	near-598b924bbd0ebb7a	1	True	0.06370874
5997348d85494b8d	Ormosia boluoensis	asm4877366v1	near-5997348d85494b8d	1	True	0.17521460
59c41dffc41a6f25	Cercis canadensis	isc453364	near-59c41dffc41a6f25	2	True	1.00000000
5b7b911fad7a8bec	Arachis duranensis	araduv14167	near-17aa980862a428b6	4	False	0.99994917
5c609cd3a3d987a7	Medicago sativa	asm4841802v1	near-5c609cd3a3d987a7	1	True	0.41625396
5cef0984c5c08369	Phaseolus vulgaris	laborovalle	near-5cef0984c5c08369	1	True	0.74925272
5e08ff78ad87b7a6	Astragalus alpinus	drastalpi1hap21	near-5e08ff78ad87b7a6	1	True	0.65747651
5e1a6f42336f1a1f	Glycine falcata	g1718	near-5e1a6f42336f1a1f	1	True	0.06596112
5e5305f82c9763d9	Spatholobus suberectus	asm432916v1	near-5e5305f82c9763d9	1	True	0.00974642
5edfa45b3bdba07c	Lotus japonicus	ljgifuv12	near-5edfa45b3bdba07c	1	True	0.75427475
5f25bd9cfe3467d5	Glycine max	qihuangno34	near-5f25bd9cfe3467d5	1	True	0.82215549
5f7c4f84932c68e5	Glycine max	wm82	near-0dd3c819f44b67d7	15	False	0.99659530
5fa6a3a0175447d1	Medicago sativa	asm4841844v1	near-5fa6a3a0175447d1	1	True	0.41372624
600ebe0768f2875e	Arachis duranensis	k30060	near-600ebe0768f2875e	1	True	0.89018792
602fdebe64673b64	Canavalia gladiata	cgla1	near-602fdebe64673b64	1	True	0.00387352
60946b7f75fef429	Glycine max	gmaxzh13v20	near-027c09fbd90a132f	8	False	0.99998538
6124e98316fbaf8f	Lotus subbiflorus	drlotsubb1hap11	near-6124e98316fbaf8f	1	True	0.08774739
613e5d02eee44955	Glycine soja	whfsgsojaf10	near-613e5d02eee44955	2	True	1.00000000
61500660d0e2a930	Arachis hypogaea	asm371315v1	near-1e03257b23978be3	17	False	0.99294483
61894c4aea5cf5df	Glycine max	zhutwinning2	near-61894c4aea5cf5df	1	True	0.91396781
62b5a2ad4c02fc09	Trifolium pratense	trifoliumpratensegenomev3	near-62b5a2ad4c02fc09	3	True	1.00000000
6376df8caff95330	Vigna unguiculata	asm411807v1	near-6376df8caff95330	3	True	0.99923534
6397eb32949b6af5	Vigna unguiculata	ucr779	near-6397eb32949b6af5	1	True	0.72649192
63eaed57fd05de9f	Dalbergia candenatensis	asm4269216v1	near-63eaed57fd05de9f	1	True	0.03393414
645e1d911f5e40dd	Cercis chuniana	asm5102084v1	near-645e1d911f5e40dd	1	True	0.14109921
64ec16ced6b33a23	Medicago sativa	boliviamono	near-64ec16ced6b33a23	1	True	0.41625396
65686f241f0eecc0	Cicer arietinum	icc4958	near-07fae578244baa68	4	False	1.00000000
65cb087a2c0df3b2	Glycine max	tianlong1	near-65cb087a2c0df3b2	1	True	0.92337618
667ae3303395f049	Glycine max	jidouno17	near-667ae3303395f049	2	True	0.96199212
674ca93d838c443b	Phaseolus vulgaris	asm5741766v1	near-674ca93d838c443b	1	True	0.89769802
67a06c3a40190e17	Vigna angularis var. angularis	vangularisv1	near-67a06c3a40190e17	2	True	1.00000000
67b1f1b0362f67be	Biancaea sappan	asm3707458v1	near-67b1f1b0362f67be	1	True	0.00208798
68f812ed7a08d2f9	Glycine stenophita	g1974	near-68f812ed7a08d2f9	1	True	0.21049842
6935c73bd3792804	Glycine max	kosuzu	near-6935c73bd3792804	1	True	0.76860232
694caad1321c36d6	Ormosia purpureiflora	asm4095594v1	near-694caad1321c36d6	1	True	0.23121980
69e6987cb4e1b416	Cajanus cajan	icpl87119	near-2e6270d00994b4eb	5	False	0.98825877
6ad3d7c855c721ce	Vigna angularis	shumari	near-67a06c3a40190e17	2	False	1.00000000
6ade7bff17ee0c95	Vigna unguiculata	asm3697163v1	near-6ade7bff17ee0c95	1	True	0.87505072
6b1673473c52ff69	Glycine max	tanba	near-6b1673473c52ff69	1	True	0.84459967
6b3f74e558280caa	Medicago sativa	regensy27x	near-6b3f74e558280caa	2	True	1.00000000
6bf70d52652c1adc	Medicago sativa	asm5485553v1	near-19a3704fc5744b8a	2	False	1.00000000
6d05c41e960f6f2d	Glycine max	wm82	near-0dd3c819f44b67d7	15	False	1.00000000
6d318d195b2a060f	Cajanus cajan	ccajanv10	near-2e6270d00994b4eb	5	False	0.99983565
6d38dcb5c92d95c2	Glycine max	wm82njau	near-0dd3c819f44b67d7	15	False	0.99149640
6e568fc7addcdb8c	Glycine max	zh13	near-027c09fbd90a132f	8	False	0.99998538
6e71dbe473d305ba	Vigna unguiculata	tz30	near-6e71dbe473d305ba	1	True	0.90808905
6f7311d80af7f768	Arachis hypogaea	fuhuasheng	near-6f7311d80af7f768	2	True	0.98447626
6f87e906bc8ad96c	Medicago truncatula	medtra1735	near-6f87e906bc8ad96c	1	True	0.62636225
716e480d13e4dbdc	Glycine max	glycinemaxv40	near-0dd3c819f44b67d7	15	False	0.99965897
723b79a6bb0fbe82	Medicago truncatula	hm078	near-723b79a6bb0fbe82	1	True	0.67314656
7243f5aba1a2942d	Ammopiptanthus mongolicus	asm3757648v1	near-7243f5aba1a2942d	1	True	0.75334459
738786ee98895b23	Glycine max	v10	near-0dd3c819f44b67d7	15	False	0.99994084
73e72487f230e42a	Arachis hypogaea	icg1471	near-73e72487f230e42a	1	True	0.93993802
73f8ae3d7230df9e	Medicago sativa	asm4841839v1	near-73f8ae3d7230df9e	1	True	0.39073990
740dfddc17e524d3	Glycine max	pi594527platinumchromosomesfasta	near-740dfddc17e524d3	1	True	0.86227455
751847692850cd02	Arachis stenosperma	v10309	near-751847692850cd02	1	True	0.26974682
75250b112de08448	Glycine max	wm82	near-0dd3c819f44b67d7	15	False	0.99967455
771916477a313049	Ormosia henryi	ohpv10	near-771916477a313049	2	True	1.00000000
77a1986c7108dc97	Arachis duranensis	asm5482455v1	near-77a1986c7108dc97	2	True	0.99866883
789b7b4de543e431	Lupinus albus	laamiga31	near-789b7b4de543e431	1	True	0.80870751
78a4bd04f924b968	Aeschynomene evenia	ciat22838	near-78a4bd04f924b968	2	True	0.99847107
79fb4a707bd970ac	Trifolium bocconei	drtribocc1hap21	near-79fb4a707bd970ac	2	True	0.97069663
7b30922c82607f47	Medicago truncatula	hm044	near-7b30922c82607f47	1	True	0.67623531
7ba0f9e9afc15fd9	Vigna radiata	viraweilv9	near-2ca78acb5d4cc2d1	2	False	1.00000000
7bd5fe443852df1c	Vigna unguiculata	asm3717680v1	near-7bd5fe443852df1c	1	True	0.87041954
7c74d70af048510f	Vigna unguiculata	asm411807v2	near-6376df8caff95330	3	False	0.99918382
7c87f851a0c52b0a	Medicago sativa	asm4841811v1	near-7c87f851a0c52b0a	1	True	0.41185879
7cbd110bc3a62d6c	Glycine max	whfsgmhf2510	near-7cbd110bc3a62d6c	2	True	1.00000000
7d5b0b954f5783c7	Lotus pedunculatus	drlotpedu31	near-7d5b0b954f5783c7	1	True	0.08774739
7dda2de8855030a8	Glycine dolichocarpa	g1134	near-7dda2de8855030a8	1	True	0.48351570
7efb61008671695f	Vigna unguiculata	asm395868v2	near-5446c2f67c6a5679	3	False	0.97862684
80147d624aaff244	Ebenus cretica	drebecret12	near-53ff69971c022fda	3	False	1.00000000
80f28833ba23bc37	Cicer arietinum	cicarcdcfrontierv20	near-2179c531b0a9a43e	4	False	0.99997123
810b76c898ad2a31	Apios priceana	mo19963523	near-810b76c898ad2a31	1	True	0.85154999
815b4f8dd744868e	Cicer arietinum	asm615156v1	near-815b4f8dd744868e	1	True	0.85779596
825e7fa74db16e84	Cicer echinospermum	s2drd065	near-825e7fa74db16e84	1	True	0.37291689
82ce90eea621c1cb	Glycine max	hwangkeum	near-82ce90eea621c1cb	1	True	0.88419734
82f17b8447248a9b	Leucaena leucocephala	asm3707461v1	near-82f17b8447248a9b	1	True	0.00668980
8317f2f6bae2e9d2	Glycine cyrtoloba	g1267	near-8317f2f6bae2e9d2	1	True	0.07536511
835872309eedbf9b	Astragalus alpinus	drastalpi1hap11	near-835872309eedbf9b	1	True	0.65747651
838679e55c2d0890	Glycine max	lee	near-355a2916e13df156	5	False	0.98870430
84b734e351285496	Glycine max	zh13	near-027c09fbd90a132f	8	False	0.99970650
84f1e992467917d4	Chamaecrista fasciculata	isc494698	near-109ae664faca4799	2	False	1.00000000
8508dc7a9552d402	Lathyrus sativus	jiclsatv211	near-8508dc7a9552d402	2	True	0.99996002
85b481ae24b243fe	Glycine max	zihuano4	near-85b481ae24b243fe	1	True	0.80735593
871fd28ea67a2de5	Glycine max	whfsgmw8210	near-0dd3c819f44b67d7	15	False	1.00000000
872c83e913b87cdf	Trifolium subterraneum	daliak	near-872c83e913b87cdf	1	True	0.55619310
887fc38a30f65f36	Glycine max	fengdihuang	near-887fc38a30f65f36	1	True	0.86898110
89115ea484912dab	Medicago truncatula	hm023	near-1fb9da72b0a86a36	2	False	0.96686924
8948693e7614b9a0	Glycine max	amsoy	near-8948693e7614b9a0	1	True	0.87920258
8976a9631a003b60	Vigna unguiculata subsp. sesquipedalis	nj	near-8976a9631a003b60	1	True	0.90808905
897c7e04cd83ff6e	Glycine max	v11	near-0dd3c819f44b67d7	15	False	0.99983733
897ce508817930ed	Medicago sativa	zhongmuno1	near-897ce508817930ed	1	True	0.34291018
8b3cca50063af126	Trifolium pratense	trifoliumpratensevarmilvusv3	near-8b3cca50063af126	1	True	0.67322206
8b8441e9f58552ca	Vigna reflexopilosa	asm2774278v1	near-8b8441e9f58552ca	1	True	0.23008354
8c21e283eca8cf3b	Glycine max	heiheno43	near-8c21e283eca8cf3b	1	True	0.86800883
8c9674ea08fea643	Medicago sativa	asm4841841v1	near-8c9674ea08fea643	1	True	0.39809463
8d0c2b4f173cd9e7	Cercis chinensis	gxib	near-8d0c2b4f173cd9e7	1	True	0.17526123
8d6f277e4817e7b4	Neltuma pallida	unmsmnpal10	near-8d6f277e4817e7b4	1	True	0.00668980
8e89eede93969eb1	Phaseolus vulgaris	asm5104807v1	near-8e89eede93969eb1	1	True	0.71808511
8f45022fc827f860	Ormosia henryi	ohev10	near-771916477a313049	2	False	1.00000000
8f9a4aa16c3e8be0	Glycine max	ua4805	near-8f9a4aa16c3e8be0	1	True	0.81639980
8faf2e32feb10cf4	Phaseolus vulgaris	oacrexpvulgaris	near-3a61c11d2bff6da2	2	False	1.00000000
8fe7fd3a55e3c80f	Arachis duranensis	y26	near-77a1986c7108dc97	2	False	0.99866883
9065b12aa8b08a62	Glycine max	asm4080195v1	near-9065b12aa8b08a62	1	True	0.88842345
90867f909324c225	Clitoria ternatea	cter1	near-90867f909324c225	2	True	0.95736634
9091fb3dce4409de	Vigna mungo	asm1342719v1	near-9091fb3dce4409de	1	True	0.82176729
91a6c657f1069f3c	Phaseolus acutifolius	frijolbayo	near-91a6c657f1069f3c	1	True	0.47456682
91d9e7a5c6007f1c	Cicer arietinum	asm34727v2	near-07fae578244baa68	4	False	1.00000000
91ea3a5d896e6648	Glycine max	glycinemaxv20	near-0dd3c819f44b67d7	15	False	1.00000000
92f7f0ccd5377589	Arachis duranensis	araduv14167v20	near-17aa980862a428b6	4	False	0.99991522
9424d12775920470	Cicer arietinum	asm634578v1	near-9424d12775920470	1	True	0.85779596
95486f63b7f485a6	Arachis hypogaea subsp. fastigiata	arahytennred	near-1e03257b23978be3	17	False	0.98417564
9570ca5030231e0b	Vigna unguiculata	cb52	near-9570ca5030231e0b	1	True	0.87041954
95bbfbaafd922b81	Macrotyloma geocarpum	asm5057533v1	near-95bbfbaafd922b81	1	True	0.01304368
96468b4838f74d0d	Glycine max	enrei	near-3a6e64fc6de3d765	2	False	0.99652394
967d0dce8b2a2937	Vigna umbellata	vumbellata10	near-967d0dce8b2a2937	1	True	0.85038732
96f835e97da93b9c	Aeschynomene evenia	irdaeve11	near-78a4bd04f924b968	2	False	0.99847107
97210efb3ab98bd3	Arachis hypogaea	asm5482452v1	near-1e03257b23978be3	17	False	0.98952976
984c80b232cc5b76	Glycyrrhiza uralensis	grfgur10	near-984c80b232cc5b76	1	True	0.37516247
98cf7f6c3f3626e4	Glycine max	zh13iga1005	near-027c09fbd90a132f	8	False	1.00000000
99c161f1a1f6cbae	Glycyrrhiza glabra	asm5450735v1	near-99c161f1a1f6cbae	1	True	0.37516247
9a90df53307f3e1a	Medicago ruthenica	xinghe	near-9a90df53307f3e1a	2	True	1.00000000
9ae82c2a17244c72	Lens culinaris	cdcredberry	near-9ae82c2a17244c72	1	True	0.13173117
9b97f5ac21ca6ece	Trifolium fragiferum	drtrifrag11	near-9b97f5ac21ca6ece	1	True	0.03909381
9be29dfc5b01f8ec	Vigna angularis	vigan11	near-9be29dfc5b01f8ec	1	True	0.91881416
9c8d9d886271b484	Glycine D3-tomentella	g1403	near-9c8d9d886271b484	1	True	0.47522675
9cb5484612530a15	Vicia faba	vfabahedin2v2	near-17884d0a84029a68	3	False	0.99952587
9ccfa884b670f7e8	Lathyrus linifolius	drlatlini1hap11	near-9ccfa884b670f7e8	1	True	0.01471080
9d9311fce6d06103	Cajanus cajan	nipbcct2t4	near-9d9311fce6d06103	1	True	0.82199523
9db5866248855507	Glycine max	peking	near-9db5866248855507	1	True	0.71148143
9e54af83267bcb6d	Genista pilosa	drgenpilo1hap11	near-9e54af83267bcb6d	1	True	0.04801993
9f4cf8cf79cb4c8c	Mucuna pruriens var. utilis	asm2476070v1	near-9f4cf8cf79cb4c8c	1	True	0.00812781
9fabec0202ef64df	Glycine max	himeshirazu	near-9fabec0202ef64df	1	True	0.69134178
9fd356999459cb1e	Arachis duranensis	v14167	near-17aa980862a428b6	4	False	0.99994917
a0335dec2cceb268	Vigna mungo	asm3688567v1	near-a0335dec2cceb268	1	True	0.93249909
a1031c671efeadfc	Glycine max	shishengchangye	near-a1031c671efeadfc	1	True	0.88660050
a15dd91940f10d0d	Arachis hypogaea	asm4730225v1	near-1e03257b23978be3	17	False	0.99495186
a1783bbd0690e1b3	Medicago sativa	xinjiangdaye	near-a1783bbd0690e1b3	1	True	0.44721035
a199002370e78db1	Medicago truncatula	hm060	near-a199002370e78db1	1	True	0.66595684
a2483b0cb6635bf9	Medicago sativa	asm4841828v1	near-a2483b0cb6635bf9	1	True	0.38626949
a35b368409a3967d	Medicago sativa	asm4841851v1	near-a35b368409a3967d	1	True	0.38690954
a41b3d5718e9bcd3	Trifolium bocconei	drtribocc1hap11	near-79fb4a707bd970ac	2	False	0.97069663
a427b3f85dfe3573	Cajanus cajan	icpl87119	near-2e6270d00994b4eb	5	False	0.99983565
a42ce6f2416d978c	Lathyrus oleraceus	pisumsativumv1a	near-2f841394a8ac723e	2	False	1.00000000
a48215b6f4d40922	Astragalus membranaceus	asm3951918v1	near-a48215b6f4d40922	1	True	0.29703694
a51067f67f6a4cc7	Abrus pulchellus subsp. cantoniensis	asm2363444v1	near-1b93544fbbeb7d5d	2	False	1.00000000
a52d53fa555afdd8	Arachis ipaensis	araipk30076v20	near-a52d53fa555afdd8	3	True	0.99995818
a5e485b56aa79b8f	Glycine max	whfsgmzh3510	near-a5e485b56aa79b8f	2	True	1.00000000
a7ba1bdcce7a1bba	Phaseolus vulgaris	g19833	near-195fb29e3840d61b	5	False	1.00000000
a8412af2ff4cd5ed	Glycine max	handouno5	near-a8412af2ff4cd5ed	1	True	0.88407577
a9964615ee120784	Arachis hypogaea	asm5482451v1	near-1e03257b23978be3	17	False	0.96421051
a9c8f2b6edacea6d	Phaseolus vulgaris	ui111	near-1e3747d1b9b74146	2	False	1.00000000
aa35d59862331bf3	Vigna nakashimae	asm3464239v1	near-aa35d59862331bf3	1	True	0.84305037
aa7caf87bfed5181	Vigna unguiculata	zn016	near-aa7caf87bfed5181	1	True	0.83507154
aacea7c6039184ef	Glycine max	wenfeng7iga1001	near-0df156cb56003e79	2	False	1.00000000
abec76950f46db19	Medicago truncatula	a17	near-abec76950f46db19	2	True	1.00000000
aca394a096ff8142	Medicago truncatula	hm015	near-aca394a096ff8142	1	True	0.71821928
ada0590f27feb6aa	Ormosia semicastrata	asm2988459v2	near-ada0590f27feb6aa	1	True	0.05738246
adf452fa93f14a03	Vigna unguiculata	it97k49935	near-6376df8caff95330	3	False	0.99923534
ae7da8fd92c7be8d	Arachis ipaensis	k30076	near-ae7da8fd92c7be8d	2	True	0.95938780
ae8f30e37611692d	Glycine max	tiefengno18	near-ae8f30e37611692d	1	True	0.87433082
af4cbe9a7d9fbfe4	Inga leiocalycina	dringleio11	near-af4cbe9a7d9fbfe4	1	True	0.22454510
aff03012016ef6e7	Acacia confusa	asm3707449v1	near-aff03012016ef6e7	1	True	0.03240949
b1c5e59567defcb2	Apios americana	la2127	near-b1c5e59567defcb2	1	True	0.51493788
b27053ee8d02ebb4	Ceratonia siliqua	asm5555414v1	near-b27053ee8d02ebb4	1	True	0.00312697
b2d6d16f011f3228	Arachis ipaensis	k30076	near-a52d53fa555afdd8	3	False	1.00000000
b33d685a6f3f64a7	Lablab purpureus	asm3476976v1	near-b33d685a6f3f64a7	1	True	0.85251986
b3fb81d3f6b365ee	Arachis hypogaea	baileyii	near-1e03257b23978be3	17	False	0.97400995
b498778d6a48d02e	Medicago truncatula	hm050	near-b498778d6a48d02e	1	True	0.68931553
b503a63d15d33fea	Glycine max	juxuanno23	near-b503a63d15d33fea	1	True	0.82430808
b50ccd36d75c56a6	Sindora glabra	cafsgla10	near-b50ccd36d75c56a6	1	True	0.00042229
b5a68ebc56c4b505	Vigna angularis var. angularis	asm172377v1	near-b5a68ebc56c4b505	2	True	1.00000000
b659b2f851a1f246	Glycine max	embgmbrs53710	near-1be2867072344ebf	2	False	0.96892659
b73fa5667713829a	Lathyrus sativus	jiclsat20	near-8508dc7a9552d402	2	False	0.99996002
b7410763f4376c8f	Ormosia henryi	asm5550493v1	near-b7410763f4376c8f	1	True	0.54521837
b7711a88efbfdf53	Medicago truncatula	hm020	near-b7711a88efbfdf53	1	True	0.66091851
b84460a5cde04c1a	Medicago truncatula	hm004	near-b84460a5cde04c1a	1	True	0.62176637
b91ae44a373d2fa6	Phaseolus lunatus	asm4656464v1	near-b91ae44a373d2fa6	1	True	0.86476037
b9697da5125f9a71	Medicago truncatula	hm324	near-b9697da5125f9a71	1	True	0.29361965
ba76f40759842b0e	Apios priceana	asm5180255v1	near-ba76f40759842b0e	2	True	1.00000000
bb15a599a0eb78f9	Cicer arietinum	cdcfrontier	near-bb15a599a0eb78f9	1	True	0.92478512
bb5dcc92012e8623	Glycine max	tongshantianedan	near-bb5dcc92012e8623	1	True	0.83302590
bbb86f2e3df92ff3	Lathyrus oleraceus	caaspsatzw610	near-2b995edfcb89c886	2	False	0.99990930
bbe9ecd752373c27	Glycine soja	glysopi483463	near-bbe9ecd752373c27	2	True	1.00000000
bd196d408ca12cd1	Arachis hypogaea	ahypogaealine8v10	near-bd196d408ca12cd1	1	True	0.94961458
bd9df0d80581cc9f	Medicago truncatula	mtruna17r50anr	near-abec76950f46db19	2	False	1.00000000
be425e28c0ff085b	Sphenostylis stenocarpa	hybridwithhic	near-be425e28c0ff085b	1	True	0.01304368
be53460f4ee93bda	Ebenus cretica	drebecret14	near-53ff69971c022fda	3	False	0.99848035
bed09d309181f450	Lathyrus oleraceus	jicpsatv13	near-bed09d309181f450	1	True	0.74407986
bed165739906fb16	Phaseolus vulgaris	phavulg10	near-195fb29e3840d61b	5	False	0.99994633
bf8095e2d8c1826f	Arachis hypogaea	tifrunner	near-1e03257b23978be3	17	False	1.00000000
c08d32c5aecb7cd1	Vigna mungo	udncvigmung	near-c08d32c5aecb7cd1	1	True	0.93249909
c113acb76ace52b6	Medicago sativa	asm4841830v1	near-c113acb76ace52b6	1	True	0.36123988
c1c3a4f1e8726e1a	Lablab purpureus	asm5140373v1	near-c1c3a4f1e8726e1a	1	True	0.85251986
c1dc8e2e6a5e7995	Medicago truncatula	hm034	near-c1dc8e2e6a5e7995	1	True	0.65456464
c26f78bcf31d6fa5	Pterocarpus macrocarpus	pmac10	near-c26f78bcf31d6fa5	1	True	0.13689209
c3cea47e840df975	Cicer arietinum	cdcfrontier	near-2179c531b0a9a43e	4	False	0.99997123
c43ce9a9af962914	Lupinus angustifolius	tanjil	near-1f47770d9ba1c1ad	2	False	1.00000000
c446f3ad51eee051	Clitoria ternatea	asm4018296v1	near-90867f909324c225	2	False	0.95736634
c54fb54176965d99	Glycine max	wm82	near-0dd3c819f44b67d7	15	False	1.00000000
c67d8171f93122ee	Vigna angularis	gyeongwon	near-b5a68ebc56c4b505	2	False	1.00000000
c69861c9c212df16	Trifolium pratense	milvusb	near-62b5a2ad4c02fc09	3	False	1.00000000
c8587827a41f6674	Vigna nakashimae	asm3464237v1	near-c8587827a41f6674	1	True	0.84305037
c8dc325fc923ad87	Glycine soja	glycinesojayongin0v10	near-c8dc325fc923ad87	1	True	0.73965471
ca6a965855822565	Glycine max	asm2211499v1	near-ca6a965855822565	1	True	0.89908718
ca7bad8a4af53d93	Arachis ipaensis	y4	near-ae7da8fd92c7be8d	2	False	0.95938780
cad542031fcf0898	Sophora flavescens	zdsfla10	near-cad542031fcf0898	1	True	0.00805796
cb35c155edf6e5f6	Psophocarpus tetragonolobus	ptet	near-cb35c155edf6e5f6	1	True	0.83018426
cc4670154da72e04	Lathyrus oleraceus	jicpsatji15v13	near-cc4670154da72e04	1	True	0.74407986
ccbf7ded4553c2ef	Glycine soja	figa1003	near-613e5d02eee44955	2	False	1.00000000
cd293da5f52f8dca	Cercis canadensis	isc453364	near-cd293da5f52f8dca	1	True	0.64342968
cd49d0d6361370b4	Trifolium pratense	hen17a07	near-cd49d0d6361370b4	1	True	0.46549493
ce3436133389fd89	Trifolium pratense	trpr	near-62b5a2ad4c02fc09	3	False	1.00000000
ce4e54724b00d094	Medicago truncatula	hm006	near-ce4e54724b00d094	1	True	0.65629063
cea1d47b5fe75ece	Arachis hypogaea	asm5482456v1	near-1e03257b23978be3	17	False	0.98929582
cf71609ba72fe855	Inga laurina	dringlaur11	near-cf71609ba72fe855	1	True	0.17104144
d026195011912245	Phaseolus lunatus	g27455	near-d026195011912245	2	True	1.00000000
d02cc56c7d1f261d	Glycine soja	pi483463	near-bbe9ecd752373c27	2	False	1.00000000
d0ab1863147c6dab	Anthyllis vulneraria	drantvuln1hap11	near-d0ab1863147c6dab	1	True	0.00928579
d1bf7a66aa4172de	Pterocarpus santalinus	psan10	near-d1bf7a66aa4172de	1	True	0.13689209
d1dc3503d3fab1b3	Glycine max	glymalee	near-355a2916e13df156	5	False	1.00000000
d1fa5f37c3042098	Medicago sativa	regensy27x	near-d1fa5f37c3042098	1	True	0.50214937
d30bbec0cd94b1e2	Vicia faba	asm4818357v1	near-d30bbec0cd94b1e2	1	True	0.27686992
d330c11feebb1356	Trifolium repens	utmtrepv10	near-d330c11feebb1356	1	True	0.87272727
d36e222da4e0cfc3	Arachis hypogaea	c7616	near-1e03257b23978be3	17	False	0.95437525
d38b8dad61c5f8d1	Melilotus officinalis	asm5057504v1	near-d38b8dad61c5f8d1	1	True	0.07195144
d4ed1350b181bf96	Glycine max	58161	near-d4ed1350b181bf96	1	True	0.86887695
d53e1dd9b29fa1e3	Arachis hypogaea	asm5482458v1	near-1e03257b23978be3	17	False	0.99495186
d598cdc2f326f23d	Phaseolus lunatus	colplunatus10	near-d026195011912245	2	False	1.00000000
d6202cd93dd9ee45	Vigna radiata	udncvripm020311	near-d6202cd93dd9ee45	1	True	0.81060448
d743659d2310fe55	Glycine max	pi548362	near-d743659d2310fe55	1	True	0.90907946
d79e417d0093b9ad	Laburnum anagyroides	drlabanag1hap11	near-d79e417d0093b9ad	1	True	0.04077038
d7abe2eb0f698c46	Glycine max	jd17	near-667ae3303395f049	2	False	0.96199212
d7babc62cb6e2a34	Medicago sativa	asm5488328v1	near-6b3f74e558280caa	2	False	1.00000000
d7eddf647e7d36bd	Glycine max	wm82	near-d7eddf647e7d36bd	1	True	0.76908692
d8c014e0e6339da3	Oxytropis ochrocephala	asm2091643v1	near-d8c014e0e6339da3	1	True	0.01486209
d8e304252bf5b6c7	Glycine max	zh35iga1004	near-a5e485b56aa79b8f	2	False	1.00000000
d9e3d4cd719a05e5	Glycine max	hefeng25iga1002	near-7cbd110bc3a62d6c	2	False	1.00000000
da2190d8185c2216	Glycine max	jindouno23	near-da2190d8185c2216	1	True	0.84235962
da8367c084d67420	Medicago sativa	asm4841829v1	near-da8367c084d67420	1	True	0.41372624
dae7dc4ca1054964	Lathyrus aphaca	drlatapha11	near-dae7dc4ca1054964	1	True	0.01195518
dcc9a52283bb1114	Lablab purpureus	highworth	near-2c32947ccaad4cd0	2	False	1.00000000
dcca1553a99a7642	Ornithopus perpusillus	drornperp1hap21	near-dcca1553a99a7642	1	True	0.93521516
dce236484b0e2d4b	Cicer arietinum	asm34727v4	near-07fae578244baa68	4	False	0.99997099
dd312fa88f27de8e	Phaseolus vulgaris	g19833	near-195fb29e3840d61b	5	False	1.00000000
de8d18d2d19698fa	Medicago truncatula	a17hm341	near-4121dfa59f9e82a3	2	False	1.00000000
dea07cd7cbf98e50	Glycine max	gmaxzh13	near-027c09fbd90a132f	8	False	0.99970650
dfddefcf1f62935a	Cajanus platycarpus	nipbcplaty10	near-dfddefcf1f62935a	1	True	0.10416327
e01cf8e177413488	Medicago arabica	drmedarab11	near-e01cf8e177413488	1	True	0.04894964
e0531d7ddcf2cb97	Arachis ipaensis	araip11	near-a52d53fa555afdd8	3	False	1.00000000
e1f5fa5bad42c187	Apios priceana	mo19963523	near-ba76f40759842b0e	2	False	1.00000000
e23835fd95bcafd4	Medicago sativa	asm4841825v1	near-e23835fd95bcafd4	1	True	0.34600083
e28edcc0918cbe54	Arachis hypogaea	shitouqi	near-1e03257b23978be3	17	False	0.99294483
e333355f10035736	Inga oerstediana	dringoers11	near-e333355f10035736	1	True	0.22454510
e486629c3f951323	Cicer arietinum	asm33114v1	near-2179c531b0a9a43e	4	False	0.99994247
e4bb1b30d8a8bf63	Medicago truncatula	hm125	near-e4bb1b30d8a8bf63	1	True	0.64808746
e5375bfc431af7c0	Phaseolus coccineus	pha8298	near-e5375bfc431af7c0	2	True	1.00000000
e5acbb4602276cd4	Faidherbia albida	wafc	near-e5acbb4602276cd4	1	True	0.01162426
e5f3e53684beec9c	Ammopiptanthus mongolicus	amwgsv10	near-e5f3e53684beec9c	1	True	0.75334459
e6b529f0498c7597	Trifolium dubium	drtridubi31	near-e6b529f0498c7597	1	True	0.01165416
e75b0684f432e271	Glycine max	wandouno28	near-e75b0684f432e271	1	True	0.91396781
e7e022605327ebb2	Glycine max	tiejiasilihuang	near-e7e022605327ebb2	1	True	0.87513392
e84159f767c14986	Vicia sativa	asm2176476v1	near-e84159f767c14986	1	True	0.20040189
e86b4a25110d1324	Ormosia emarginata	asm2988460v2	near-e86b4a25110d1324	1	True	0.18764287
e89fcf9205d39517	Arachis hypogaea	haihua1v1	near-e89fcf9205d39517	1	True	0.69487455
e8cbc86c9a41df2f	Glycine max	huaxia3iga1007	near-e8cbc86c9a41df2f	2	True	1.00000000
e9882add53dcf4dc	Trifolium repens	drtrirepe4hap115	near-e9882add53dcf4dc	1	True	0.52668564
ea29e5335685053a	Arachis hypogaea	asm417044v1	near-6f7311d80af7f768	2	False	0.98447626
ea6c85edd6dd0d10	Chamaecrista fasciculata	mn87	near-ea6c85edd6dd0d10	1	True	0.54383391
eac340c47f32c565	Glycine max	asm5677679v1	near-eac340c47f32c565	1	True	0.92337618
ebd651d5e5510974	Arachis monticola	asm306328v2	near-ebd651d5e5510974	1	True	0.69560516
ec97ddce5629120f	Medicago sativa	asm4841817v1	near-ec97ddce5629120f	1	True	0.38933286
ecad0d0db0d4d022	Trifolium striatum	drtristri1hap11	near-ecad0d0db0d4d022	1	True	0.05729432
ede0cd45ef0ca82d	Medicago truncatula	hm010	near-ede0cd45ef0ca82d	1	True	0.67096906
edee1a5e609f34f1	Medicago truncatula	hm017	near-edee1a5e609f34f1	1	True	0.44874160
eef4d4064b335292	Medicago sativa	asm4841832v1	near-eef4d4064b335292	1	True	0.41103347
ef224fdfcd7f1ba8	Vicia faba	tiffany	near-ef224fdfcd7f1ba8	1	True	0.32537513
ef6a350cb9cc2a35	Vigna radiata	asm4058398v2	near-ef6a350cb9cc2a35	2	True	1.00000000
ef6d1c102d488910	Trifolium subterraneum	drtrisubt11	near-ef6d1c102d488910	1	True	0.55619310
eff2b84e522d85d4	Vigna radiata var. radiata	vradiataver6	near-2d478aa217e9bb5c	2	False	0.99896441
f0c99f273af89fc5	Glycine latifolia	glat10xgenomicschromiumv1	near-f0c99f273af89fc5	1	True	0.21049842
f0ec01b9e4056bfc	Glycine max	wm82iga1008	near-0dd3c819f44b67d7	15	False	1.00000000
f1607dc2d3ab2472	Phaseolus vulgaris	g19833	near-195fb29e3840d61b	5	False	0.99916217
f23ce0d142345d64	Glycine max	keshanno1	near-f23ce0d142345d64	1	True	0.87722802
f2b30eba8d4b5ff4	Vigna unguiculata	xiabaoii	near-5446c2f67c6a5679	3	False	0.97862684
f42e3d2aed0b16c1	Medicago sativa	asm4841823v1	near-f42e3d2aed0b16c1	1	True	0.41320457
f446ab821c1d0961	Acacia melanoxylon	asm4848765v1	near-f446ab821c1d0961	1	True	0.03240949
f5bbd1fd0c7f3dff	Glycine soja	w05	near-3692bd8191b45c00	2	False	0.99969194
f5fa5685028874f4	Calophaca sinica	csv1	near-f5fa5685028874f4	1	True	0.06370874
f60eb5d05d91c3ee	Medicago ruthenica	asm1820801v1	near-9a90df53307f3e1a	2	False	1.00000000
f6398ce580d52503	Cercis canadensis	isc453364	near-59c41dffc41a6f25	2	False	1.00000000
f6445309600bd916	Medicago truncatula	hm002	near-f6445309600bd916	1	True	0.66450055
f6619200be12e3ef	Medicago truncatula	hm026	near-f6619200be12e3ef	1	True	0.71821928
f7635d028e5244fb	Glycine soja	gshaas216	near-f7635d028e5244fb	1	True	0.74111844
f99135647dc343a3	Trifolium occidentale	drtriocci1hap11	near-f99135647dc343a3	1	True	0.24022689
fa4efd2444234ec4	Cyamopsis tetragonoloba	ctev10	near-fa4efd2444234ec4	1	True	0.00148945
fafd79f33d7e0f52	Vigna radiata	asm4058398v1	near-ef6a350cb9cc2a35	2	False	1.00000000
fb6fcd548cfaf03e	Medicago sativa	asm4841809v1	near-fb6fcd548cfaf03e	1	True	0.36441124
fb8e59bb6e5b7f1c	Medicago sativa	asm4841831v1	near-fb8e59bb6e5b7f1c	1	True	0.39542280
fc8d57c1319bc410	Phaseolus coccineus	pha8298	near-e5375bfc431af7c0	2	False	1.00000000
fca2e8d89b64453f	Glycine max	whfsgmhx310	near-e8cbc86c9a41df2f	2	False	1.00000000
fcd4da4efbea7d24	Lathyrus oleraceus	asm3678607v1	near-fcd4da4efbea7d24	1	True	0.73840029
fd31734f0f163667	Lens ervoides	ig72815	near-fd31734f0f163667	1	True	0.13173117
fe521354df71c678	Trifolium repens	drtrirepe1hap11	near-fe521354df71c678	1	True	0.47097122
ff14efc287b18b61	Vigna radiata	asm5039588v1	near-ff14efc287b18b61	1	True	0.94052566
ff55280a152972fc	Apios americana	la2127	near-ff55280a152972fc	1	True	0.51493788
