candidate_id	relative_path	source	annotation_role	is_primary_gene_model	assembly_key	paired_assembly_ids	size_bytes	mtime_ns
fb5fc332433c8384	legume_family/legumeinfo/Aeschynomene/evenia/CIAT22838.gnm1.ann1.ZM3R/gff3/aesev.CIAT22838.gnm1.ann1.ZM3R.gene_models_main.gff3.gz	legume_family_legumeinfo	gene_models_main	true	legume_family_legumeinfo|Aeschynomene|evenia|CIAT22838.gnm1	78a4bd04f924b968	8925719	1780811947000000000
d9ee2351e39ae8e3	legume_family/legumeinfo/Apios/americana/LA2127.gnm1_hap2.ann1.NT2R/gff3/apiam.LA2127.gnm1_hap2.ann1.NT2R.gene_models_main.gff3.gz	legume_family_legumeinfo	gene_models_main	true	legume_family_legumeinfo|Apios|americana|LA2127.gnm1_hap2	ae77b50846a001ff;ff55280a152972fc	10202367	1780811966000000000
2193c7329147de76	legume_family/legumeinfo/Arachis/hypogaea/Tifrunner.gnm1.ann1.CCJH/gff3/arahy.Tifrunner.gnm1.ann1.CCJH.noncoding.gff3.gz	legume_family_legumeinfo	noncoding	false	legume_family_legumeinfo|Arachis|hypogaea|Tifrunner.gnm1	1815273b5e4ad094;bf8095e2d8c1826f	276	1780812623000000000
f98b2630865b0c17	legume_family/legumeinfo/Arachis/hypogaea/Tifrunner.gnm1.ann1.CCJH/repeat/arahy.Tifrunner.gnm1.ann1.CCJH.repeats_complex.gff3.gz	legume_family_legumeinfo	repeat	false	legume_family_legumeinfo|Arachis|hypogaea|Tifrunner.gnm1	1815273b5e4ad094;bf8095e2d8c1826f	53023699	1780813262000000000
e4984482b1622379	legume_family/legumeinfo/Arachis/hypogaea/Tifrunner.gnm2.ann2.PVFB/gff3/arahy.Tifrunner.gnm2.ann2.PVFB.gene_models_main.gff3.gz	legume_family_legumeinfo	gene_models_main	true	legume_family_legumeinfo|Arachis|hypogaea|Tifrunner.gnm2	419770e1892b655a;cd4924a919164c82	25184492	1780813316000000000
72438ac627f422f3	legume_family/legumeinfo/Arachis/ipaensis/K30076.gnm1.ann1.J37m/gff3/araip.K30076.gnm1.ann1.J37m.gene_models_main.gff3.gz	legume_family_legumeinfo	gene_models_main	true	legume_family_legumeinfo|Arachis|ipaensis|K30076.gnm1	b2d6d16f011f3228	10789649	1780813879000000000
2084a43d5b1f02ad	legume_family/legumeinfo/Arachis/stenosperma/V10309.gnm1.ann1.CZRZ/functional_iprscan/arast.V10309.gnm1.ann1.CZRZ.iprscan.gff3.gz	legume_family_legumeinfo	functional_iprscan	false	legume_family_legumeinfo|Arachis|stenosperma|V10309.gnm1	751847692850cd02	6980553	1780814139000000000
7f93586675816546	legume_family/legumeinfo/Cajanus/cajan/ICPL87119.gnm1.ann1.Y27M/gff3/cajca.ICPL87119.gnm1.ann1.Y27M.gene_models_main.gff3.gz	legume_family_legumeinfo	gene_models_main	true	legume_family_legumeinfo|Cajanus|cajan|ICPL87119.gnm1	69e6987cb4e1b416	6842938	1780814158000000000
47ac3f1c3469b5db	legume_family/legumeinfo/Cajanus/cajan/ICPL87119.gnm1.ann1.Y27M/repeat/cajca.ICPL87119.gnm1.ann1.Y27M.repeat_models.gff.gz	legume_family_legumeinfo	repeat	false	legume_family_legumeinfo|Cajanus|cajan|ICPL87119.gnm1	69e6987cb4e1b416	47552938	1780814185000000000
4909c83c4c96263c	legume_family/legumeinfo/Cercis/canadensis/ISC453364.gnm3.ann1.3N1M/functional_iprscan/cerca.ISC453364.gnm3.ann1.3N1M.iprscan.gff3.gz	legume_family_legumeinfo	functional_iprscan	false	legume_family_legumeinfo|Cercis|canadensis|ISC453364.gnm3	13761c0ed653e2af;59c41dffc41a6f25;8141be66769a230c;f6398ce580d52503	5836397	1780814216000000000
a174112003a43085	legume_family/legumeinfo/Cercis/canadensis/ISC453364.gnm3_hap2.ann1.G88H/repeat/cerca.ISC453364.gnm3_hap2.ann1.G88H.repeatmasked_assembly.gff3.gz	legume_family_legumeinfo	repeat	false	legume_family_legumeinfo|Cercis|canadensis|ISC453364.gnm3_hap2	797d4a616d2aa4cb;cd293da5f52f8dca;f2377d54902d393d	6197608	1780814271000000000
2b7a41420145d1ae	legume_family/legumeinfo/Chamaecrista/fasciculata/ISC494698.gnm1.ann1.G7XW/gff3/chafa.ISC494698.gnm1.ann1.G7XW.gene_models_exons.gff3.gz	legume_family_legumeinfo	gene_model_exons	false	legume_family_legumeinfo|Chamaecrista|fasciculata|ISC494698.gnm1	109ae664faca4799;4e8b4aaab12f64b8;84f1e992467917d4	8322980	1780814359000000000
b1aba40ee1b85583	legume_family/legumeinfo/Chamaecrista/fasciculata/ISC494698.gnm1_hap2.ann1.WXZF/functional_iprscan/chafa.ISC494698.gnm1_hap2.ann1.WXZF.iprscan.gff3.gz	legume_family_legumeinfo	functional_iprscan	false	legume_family_legumeinfo|Chamaecrista|fasciculata|ISC494698.gnm1_hap2	0d369ef4d174838f;338b426684d64480;e26c7eb0cf847426	6372058	1780814384000000000
907c15152e159a01	legume_family/legumeinfo/Chamaecrista/fasciculata/MN87.gnm1.ann1.LWFM/gff3/chafa.MN87.gnm1.ann1.LWFM.gene_models_main.gff3.gz	legume_family_legumeinfo	gene_models_main	true	legume_family_legumeinfo|Chamaecrista|fasciculata|MN87.gnm1	ea6c85edd6dd0d10	1847292	1780814392000000000
bcf98ba2faaaf2b4	legume_family/legumeinfo/Cicer/arietinum/CDCFrontier.gnm1.ann1.nRhs/repeat/cicar.CDCFrontier.gnm1.ann1.nRhs.repeat_models_denovo.gff.gz	legume_family_legumeinfo	repeat	false	legume_family_legumeinfo|Cicer|arietinum|CDCFrontier.gnm1	2179c531b0a9a43e	15440909	1780814499000000000
b4e5217cedd0096e	legume_family/legumeinfo/Cicer/arietinum/CDCFrontier.gnm1.ann1.nRhs/repeat/cicar.CDCFrontier.gnm1.ann1.nRhs.repeat_models_proteinmask.gff.gz	legume_family_legumeinfo	repeat	false	legume_family_legumeinfo|Cicer|arietinum|CDCFrontier.gnm1	2179c531b0a9a43e	4370250	1780814498000000000
19ee86023424f940	legume_family/legumeinfo/Cicer/arietinum/CDCFrontier.gnm1.ann1.nRhs/repeat/cicar.CDCFrontier.gnm1.ann1.nRhs.repeat_models_repeatmasker.gff.gz	legume_family_legumeinfo	repeat	false	legume_family_legumeinfo|Cicer|arietinum|CDCFrontier.gnm1	2179c531b0a9a43e	7753693	1780814502000000000
e78cd9a0ea0a10fe	legume_family/legumeinfo/Cicer/arietinum/CDCFrontier.gnm1.ann1.nRhs/repeat/cicar.CDCFrontier.gnm1.ann1.nRhs.repeat_models_trf.gff.gz	legume_family_legumeinfo	repeat	false	legume_family_legumeinfo|Cicer|arietinum|CDCFrontier.gnm1	2179c531b0a9a43e	11856750	1780814505000000000
93eb665486183049	legume_family/legumeinfo/Cicer/arietinum/CDCFrontier.gnm2.ann1.9M1L/gff3/cicar.CDCFrontier.gnm2.ann1.9M1L.gene_models_main.gff3.gz	legume_family_legumeinfo	gene_models_main	true	legume_family_legumeinfo|Cicer|arietinum|CDCFrontier.gnm2	c3cea47e840df975	8792506	1780814508000000000
44d3cc8b19ea479d	legume_family/legumeinfo/Cicer/arietinum/CDCFrontier.gnm3.QT0P/gff3/cicar.CDCFrontier.gnm3.QT0P.gcv_genome.gff3.gz	legume_family_legumeinfo	gcv_genome	false	legume_family_legumeinfo|Cicer|arietinum|CDCFrontier.gnm3	bb15a599a0eb78f9	28159	1780814529000000000
53dbe58902d3413c	legume_family/legumeinfo/Cicer/arietinum/CDCFrontier.gnm3.ann1.NPD7/gff3/cicar.CDCFrontier.gnm3.ann1.NPD7.gcv_genes.gff3.gz	legume_family_legumeinfo	gcv_genes	false	legume_family_legumeinfo|Cicer|arietinum|CDCFrontier.gnm3	bb15a599a0eb78f9	3359553	1780814516000000000
5440bacb4b5c7a5f	legume_family/legumeinfo/Cicer/arietinum/CDCFrontier.gnm3.ann1.NPD7/gff3/cicar.CDCFrontier.gnm3.ann1.NPD7.gene_models_main.gff3.gz	legume_family_legumeinfo	gene_models_main	true	legume_family_legumeinfo|Cicer|arietinum|CDCFrontier.gnm3	bb15a599a0eb78f9	10438116	1780814518000000000
b21bdfc6047b4b0a	legume_family/legumeinfo/Cicer/arietinum/ICC4958.gnm2.ann1.LCVX/gff3/cicar.ICC4958.gnm2.ann1.LCVX.gene_models_main.gff3.gz	legume_family_legumeinfo	gene_models_main	true	legume_family_legumeinfo|Cicer|arietinum|ICC4958.gnm2	65686f241f0eecc0	7344562	1780814523000000000
1df44ffdb14a5586	legume_family/legumeinfo/Cicer/echinospermum/S2Drd065.gnm1.ann1.YZ9H/gff3/cicec.S2Drd065.gnm1.ann1.YZ9H.gcv_genes.gff3.gz	legume_family_legumeinfo	gcv_genes	false	legume_family_legumeinfo|Cicer|echinospermum|S2Drd065.gnm1	825e7fa74db16e84	3690981	1780814535000000000
ab5508aaf456d230	legume_family/legumeinfo/Glycine/cyrtoloba/G1267.gnm1.ann1.HRFD/functional_iprscan/glycy.G1267.gnm1.ann1.HRFD.iprscan.gff3.gz	legume_family_legumeinfo	functional_iprscan	false	legume_family_legumeinfo|Glycine|cyrtoloba|G1267.gnm1	8317f2f6bae2e9d2	9609883	1780814653000000000
bb2834b228d59bbb	legume_family/legumeinfo/Glycine/max/FiskebyIII.gnm1.ann1.SS25/repeat/glyma.FiskebyIII.gnm1.ann1.SS25.repeatmasked_assembly_v1.0.gff3.gz	legume_family_legumeinfo	repeat	false	legume_family_legumeinfo|Glycine|max|FiskebyIII.gnm1	4c64ec3551a311a5;6defaeb62dd9dffd	17466291	1780815519000000000
926fb3d0752538e9	legume_family/legumeinfo/Glycine/max/Fukuyutaka.gnm3.ann1.RWJM/functional_iprscan/glyma.Fukuyutaka.gnm3.ann1.RWJM.iprscan.gff3.gz	legume_family_legumeinfo	functional_iprscan	false	legume_family_legumeinfo|Glycine|max|Fukuyutaka.gnm3	539814fd4ada940f	10545045	1780815520000000000
8b087347bbc7d18d	legume_family/legumeinfo/Glycine/max/Fukuyutaka.gnm3.ann1.RWJM/gff3/glyma.Fukuyutaka.gnm3.ann1.RWJM.scaffolds.gff3.gz	legume_family_legumeinfo	other_annotation	false	legume_family_legumeinfo|Glycine|max|Fukuyutaka.gnm3	539814fd4ada940f	20003	1780815535000000000
6cf782e341b3a553	legume_family/legumeinfo/Glycine/max/Harosoy.gnm3.ann1.R35Y/gff3/glyma.Harosoy.gnm3.ann1.R35Y.gene_models_main.gff3.gz	legume_family_legumeinfo	gene_models_main	true	legume_family_legumeinfo|Glycine|max|Harosoy.gnm3	3b922ebbef5d2263	16765624	1780815565000000000
9e0aa5f60d5f64dd	legume_family/legumeinfo/Glycine/max/Himeshirazu.gnm3.ann1.0KJD/gff3/glyma.Himeshirazu.gnm3.ann1.0KJD.noncoding.gff3.gz	legume_family_legumeinfo	noncoding	false	legume_family_legumeinfo|Glycine|max|Himeshirazu.gnm3	9fabec0202ef64df	81960	1780815609000000000
fa62db98aaa54700	legume_family/legumeinfo/Glycine/max/Ooyachi2.gnm3.ann1.6929/functional_iprscan/glyma.Ooyachi2.gnm3.ann1.6929.iprscan.gff3.gz	legume_family_legumeinfo	functional_iprscan	false	legume_family_legumeinfo|Glycine|max|Ooyachi2.gnm3	01bd34ba2a35deea	10921482	1780815760000000000
ba1c402f16748303	legume_family/legumeinfo/Glycine/max/Ooyachi2.gnm3.ann1.6929/gff3/glyma.Ooyachi2.gnm3.ann1.6929.noncoding.gff3.gz	legume_family_legumeinfo	noncoding	false	legume_family_legumeinfo|Glycine|max|Ooyachi2.gnm3	01bd34ba2a35deea	69167	1780815760000000000
25532bffbd20d962	legume_family/legumeinfo/Glycine/max/Peking.gnm3.ann1.D1WG/functional_iprscan/glyma.Peking.gnm3.ann1.D1WG.iprscan.gff3.gz	legume_family_legumeinfo	functional_iprscan	false	legume_family_legumeinfo|Glycine|max|Peking.gnm3	9db5866248855507	10291491	1780815778000000000
1de017f941329861	legume_family/legumeinfo/Glycine/max/Peking.gnm3.ann1.D1WG/gff3/glyma.Peking.gnm3.ann1.D1WG.gene_models_main.gff3.gz	legume_family_legumeinfo	gene_models_main	true	legume_family_legumeinfo|Glycine|max|Peking.gnm3	9db5866248855507	17239268	1780815779000000000
dab614c4b21f231b	legume_family/legumeinfo/Glycine/max/Tanba.gnm3.ann1.17JT/gff3/glyma.Tanba.gnm3.ann1.17JT.gene_models_main.gff3.gz	legume_family_legumeinfo	gene_models_main	true	legume_family_legumeinfo|Glycine|max|Tanba.gnm3	6b1673473c52ff69	17068120	1780815812000000000
8fc6ed2b006af669	legume_family/legumeinfo/Glycine/max/Tanba.gnm3.ann1.17JT/gff3/glyma.Tanba.gnm3.ann1.17JT.noncoding.gff3.gz	legume_family_legumeinfo	noncoding	false	legume_family_legumeinfo|Glycine|max|Tanba.gnm3	6b1673473c52ff69	63443	1780815813000000000
0d5970d42ff92801	legume_family/legumeinfo/Glycine/max/UA4805.gnm3.ann1.DTQV/gff3/glyma.UA4805.gnm3.ann1.DTQV.gene_models_main.gff3.gz	legume_family_legumeinfo	gene_models_main	true	legume_family_legumeinfo|Glycine|max|UA4805.gnm3	8f9a4aa16c3e8be0	17708447	1780815835000000000
aec5c6ec231a4183	legume_family/legumeinfo/Glycine/max/UA4805.gnm3.ann1.DTQV/gff3/glyma.UA4805.gnm3.ann1.DTQV.noncoding.gff3.gz	legume_family_legumeinfo	noncoding	false	legume_family_legumeinfo|Glycine|max|UA4805.gnm3	8f9a4aa16c3e8be0	96353	1780815837000000000
436f9e34c2d82607	legume_family/legumeinfo/Glycine/max/Wm82.gnm2.ann1.RVB6/gff3/glyma.Wm82.gnm2.ann1.RVB6.markers.gff3.gz	legume_family_legumeinfo	other_annotation	false	legume_family_legumeinfo|Glycine|max|Wm82.gnm2	490839b691d398b1;d7eddf647e7d36bd	1103095	1780815854000000000
c59979d6bfe6de49	legume_family/legumeinfo/Glycine/max/Wm82.gnm4.ann1.T8TQ/repeat/glyma.Wm82.gnm4.ann1.T8TQ.repeatmasking.gff3.gz	legume_family_legumeinfo	repeat	false	legume_family_legumeinfo|Glycine|max|Wm82.gnm4	c54fb54176965d99;fe03eb273125b0ff	16398396	1780815873000000000
7d36ebd00b336987	legume_family/legumeinfo/Glycine/max/Wm82.gnm6.ann1.PKSW/gff3/glyma.Wm82.gnm6.ann1.PKSW.gene_models_exons.gff3.gz	legume_family_legumeinfo	gene_model_exons	false	legume_family_legumeinfo|Glycine|max|Wm82.gnm6	3a5158bf3c83620a;9e9731a85804e094	14350141	1780815878000000000
2e4799f208a5fc83	legume_family/legumeinfo/Glycine/soja/F_IGA1003.gnm1.ann1.G61B/gff3/glyso.F_IGA1003.gnm1.ann1.G61B.gene_models_exons.gff3.gz	legume_family_legumeinfo	gene_model_exons	false	legume_family_legumeinfo|Glycine|soja|F_IGA1003.gnm1	ccbf7ded4553c2ef	9465535	1780816630000000000
af58527c0d4b39e3	legume_family/legumeinfo/Glycine/syndetika/G1300.gnm1.ann1.RRK6/gff3/glysy.G1300.gnm1.ann1.RRK6.gene_models_main.gff3.gz	legume_family_legumeinfo	gene_models_main	true	legume_family_legumeinfo|Glycine|syndetika|G1300.gnm1	4c1c1d74d7e6a870	13899039	1780816703000000000
249a3ef274aecce1	legume_family/legumeinfo/Lablab/purpureus/Highworth.gnm1.ann1.HJ3B/functional_iprscan/labpu.Highworth.gnm1.ann1.HJ3B.iprscan.gff3.gz	legume_family_legumeinfo	functional_iprscan	false	legume_family_legumeinfo|Lablab|purpureus|Highworth.gnm1	dcc9a52283bb1114	5568459	1780816728000000000
9bbe5ebe63f83d49	legume_family/legumeinfo/Lens/culinaris/CDC_Redberry.gnm2.ann1.5FB4/functional_iprscan/lencu.CDC_Redberry.gnm2.ann1.5FB4.iprscan.gff3.gz	legume_family_legumeinfo	functional_iprscan	false	legume_family_legumeinfo|Lens|culinaris|CDC_Redberry.gnm2	9ae82c2a17244c72	7359058	1780816752000000000
a7a8a9892686fab6	legume_family/legumeinfo/Lupinus/albus/Amiga.gnm1.ann1.3GKS/gff3/lupal.Amiga.gnm1.ann1.3GKS.gene_models_main.gff3.gz	legume_family_legumeinfo	gene_models_main	true	legume_family_legumeinfo|Lupinus|albus|Amiga.gnm1	0b4f69cb2f7e7490	12502884	1780816857000000000
8d26e0115cfb37fc	legume_family/legumeinfo/Lupinus/angustifolius/Tanjil.gnm1.ann1.nnV9/gff3/lupan.Tanjil.gnm1.ann1.nnV9.gene_models_miRNA.gff3.gz	legume_family_legumeinfo	other_annotation	false	legume_family_legumeinfo|Lupinus|angustifolius|Tanjil.gnm1	c43ce9a9af962914	6867	1780816921000000000
99e3c4bc8a7f91da	legume_family/legumeinfo/Lupinus/angustifolius/Tanjil.gnm1.ann1.nnV9/gff3/lupan.Tanjil.gnm1.ann1.nnV9.gene_models_tRNA.gff3.gz	legume_family_legumeinfo	other_annotation	false	legume_family_legumeinfo|Lupinus|angustifolius|Tanjil.gnm1	c43ce9a9af962914	24164	1780816922000000000
10d81cd4aa3d7e10	legume_family/legumeinfo/Medicago/sativa/RegenSY27x.gnm1.ann1.BS5K/gff3/medsa.RegenSY27x.gnm1.ann1.BS5K.gene_models_main.gff3.gz	legume_family_legumeinfo	gene_models_main	true	legume_family_legumeinfo|Medicago|sativa|RegenSY27x.gnm1	2190c3d385555d34	11962543	1780816940000000000
113ec2c5c9d3ed49	legume_family/legumeinfo/Medicago/sativa/RegenSY27x.gnm1_hap4.ann1.RNH4/gff3/medsa.RegenSY27x.gnm1_hap4.ann1.RNH4.noncoding.gff3.gz	legume_family_legumeinfo	noncoding	false	legume_family_legumeinfo|Medicago|sativa|RegenSY27x.gnm1_hap4	6b3f74e558280caa	40017	1780817033000000000
6332959374b5df23	legume_family/legumeinfo/Medicago/truncatula/A17.gnm5.ann1_6.L2RX/gff3/medtr.A17.gnm5.ann1_6.L2RX.noncoding.gff3.gz	legume_family_legumeinfo	noncoding	false	legume_family_legumeinfo|Medicago|truncatula|A17.gnm5	abec76950f46db19	427385	1780817442000000000
08a7405785c372ff	legume_family/legumeinfo/Medicago/truncatula/HM004.gnm1.ann1.2XTB/gff3/medtr.HM004.gnm1.ann1.2XTB.gene_models_main.gff3.gz	legume_family_legumeinfo	gene_models_main	true	legume_family_legumeinfo|Medicago|truncatula|HM004.gnm1	b84460a5cde04c1a	12056484	1780817480000000000
2af72f9089bd41b5	legume_family/legumeinfo/Medicago/truncatula/HM022.gnm1.ann1.6C8N/functional_iprscan/medtr.HM022.gnm1.ann1.6C8N.iprscan.gff3.gz	legume_family_legumeinfo	functional_iprscan	false	legume_family_legumeinfo|Medicago|truncatula|HM022.gnm1	1969c44cccdbc0ca	8132587	1780817511000000000
30a5d5e8b77d96e6	legume_family/legumeinfo/Medicago/truncatula/HM058.gnm1.ann1.LXPZ/functional_iprscan/medtr.HM058.gnm1.ann1.LXPZ.iprscan.gff3.gz	legume_family_legumeinfo	functional_iprscan	false	legume_family_legumeinfo|Medicago|truncatula|HM058.gnm1	4996fa1f85d395b4	8544824	1780817572000000000
abb1e1b9db58f77a	legume_family/legumeinfo/Medicago/truncatula/HM060.gnm1.ann1.H41P/gff3/medtr.HM060.gnm1.ann1.H41P.gene_models_main.gff3.gz	legume_family_legumeinfo	gene_models_main	true	legume_family_legumeinfo|Medicago|truncatula|HM060.gnm1	a199002370e78db1	12159951	1780817582000000000
1c6cbec27afcceb2	legume_family/legumeinfo/Medicago/truncatula/HM095.gnm1.ann1.55W4/gff3/medtr.HM095.gnm1.ann1.55W4.gene_models_main.gff3.gz	legume_family_legumeinfo	gene_models_main	true	legume_family_legumeinfo|Medicago|truncatula|HM095.gnm1	2541638755aba373	12289637	1780817606000000000
8c8ea19cea0e7225	legume_family/legumeinfo/Medicago/truncatula/HM185.gnm1.ann1.GB3D/functional_iprscan/medtr.HM185.gnm1.ann1.GB3D.iprscan.gff3.gz	legume_family_legumeinfo	functional_iprscan	false	legume_family_legumeinfo|Medicago|truncatula|HM185.gnm1	260e15d3d4bcaddf	8739068	1780817643000000000
44c37d632aa9a2bc	legume_family/legumeinfo/Medicago/truncatula/R108_HM340.gnm1.ann1.85YW/gff3/medtr.R108_HM340.gnm1.ann1.85YW.gene_models_main.gff3.gz	legume_family_legumeinfo	gene_models_main	true	legume_family_legumeinfo|Medicago|truncatula|R108_HM340.gnm1	34a865520cde6c20	12367722	1780817675000000000
dd6a159c3a58b0bc	legume_family/legumeinfo/Phaseolus/acutifolius/Frijol_Bayo.gnm1.ann1.ML22/gff3/phaac.Frijol_Bayo.gnm1.ann1.ML22.gene_models_main.gff3.gz	legume_family_legumeinfo	gene_models_main	true	legume_family_legumeinfo|Phaseolus|acutifolius|Frijol_Bayo.gnm1	91a6c657f1069f3c	9779428	1780818007000000000
12432f850cd6f10c	legume_family/legumeinfo/Phaseolus/acutifolius/W6_15578.gnm2.ann1.LVZ1/gff3/phaac.W6_15578.gnm2.ann1.LVZ1.gene_models_main.gff3.gz	legume_family_legumeinfo	gene_models_main	true	legume_family_legumeinfo|Phaseolus|acutifolius|W6_15578.gnm2	152a73331c68496b	8671238	1780818030000000000
0f08978f83582868	legume_family/legumeinfo/Phaseolus/lunatus/G27455.gnm1.7NXX/gff3/phalu.G27455.gnm1.7NXX.gcv_genome.gff3.gz	legume_family_legumeinfo	gcv_genome	false	legume_family_legumeinfo|Phaseolus|lunatus|G27455.gnm1	d026195011912245	3923	1780818136000000000
29b5f76e7c4b6151	legume_family/legumeinfo/Phaseolus/vulgaris/5-593.gnm1.ann1.3FBJ/functional_iprscan/phavu.5-593.gnm1.ann1.3FBJ.iprscan.gff3.gz	legume_family_legumeinfo	functional_iprscan	false	legume_family_legumeinfo|Phaseolus|vulgaris|5-593.gnm1	3f2bcde8b6efba1f	6345337	1780818159000000000
3e6af95def45b33a	legume_family/legumeinfo/Phaseolus/vulgaris/5-593.gnm1.ann1.3FBJ/gff3/phavu.5-593.gnm1.ann1.3FBJ.gene_models_main.gff3.gz	legume_family_legumeinfo	gene_models_main	true	legume_family_legumeinfo|Phaseolus|vulgaris|5-593.gnm1	3f2bcde8b6efba1f	8513028	1780818159000000000
258d309181a141fe	legume_family/legumeinfo/Phaseolus/vulgaris/LaborOvalle.gnm1.ann1.L1DY/gff3/phavu.LaborOvalle.gnm1.ann1.L1DY.gene_models_main.gff3.gz	legume_family_legumeinfo	gene_models_main	true	legume_family_legumeinfo|Phaseolus|vulgaris|LaborOvalle.gnm1	5cef0984c5c08369	9222325	1780818196000000000
3bed5a2ebdec62c8	legume_family/legumeinfo/Pisum/sativum/Cameor.gnm1.ann1.7SZR/gff3/pissa.Cameor.gnm1.ann1.7SZR.gene_models_main.gff3.gz	legume_family_legumeinfo	gene_models_main	true	legume_family_legumeinfo|Pisum|sativum|Cameor.gnm1	2f841394a8ac723e	11233151	1780818364000000000
4abbb7cfc42503f5	legume_family/legumeinfo/Pisum/sativum/ZW6.gnm1.ann1.TKZX/functional_iprscan/pissa.ZW6.gnm1.ann1.TKZX.iprscan.gff3.gz	legume_family_legumeinfo	functional_iprscan	false	legume_family_legumeinfo|Pisum|sativum|ZW6.gnm1	2b995edfcb89c886	7276548	1780818407000000000
d523970bc011fa2d	legume_family/legumeinfo/Trifolium/subterraneum/Daliak.gnm2.ann1.MFKF/functional_iprscan/trisu.Daliak.gnm2.ann1.MFKF.iprscan.gff3.gz	legume_family_legumeinfo	functional_iprscan	false	legume_family_legumeinfo|Trifolium|subterraneum|Daliak.gnm2	872c83e913b87cdf	7820420	1780818479000000000
69f60019bcd232e6	legume_family/legumeinfo/Vicia/villosa/HV-30.gnm1.ann1.6WFF/gff3/vicvi.HV-30.gnm1.ann1.6WFF.gene_models_main.gff3.gz	legume_family_legumeinfo	gene_models_main	true	legume_family_legumeinfo|Vicia|villosa|HV-30.gnm1	557227a4efbbf1a6	16686978	1780818602000000000
1cff9c1cd34a4dbe	legume_family/legumeinfo/Vigna/radiata/VC1973A.gnm6.ann1.M1Qs/gff3/vigra.VC1973A.gnm6.ann1.M1Qs.gene_models_main.gff3.gz	legume_family_legumeinfo	gene_models_main	true	legume_family_legumeinfo|Vigna|radiata|VC1973A.gnm6	2d478aa217e9bb5c	6678623	1780818988000000000
63d407238b244043	legume_family/legumeinfo/Vigna/radiata/VC1973A.gnm6.ann1.M1Qs/gff3/vigra.VC1973A.gnm6.ann1.M1Qs.scaffolds_in_pchr.gff3.gz	legume_family_legumeinfo	other_annotation	false	legume_family_legumeinfo|Vigna|radiata|VC1973A.gnm6	2d478aa217e9bb5c	3871	1780819007000000000
01e3b5edbd9f9eb8	legume_family/legumeinfo/Vigna/unguiculata/IT97K-499-35.gnm1.ann1.zb5D/gff3/vigun.IT97K-499-35.gnm1.ann1.zb5D.gene_models_main.gff3.gz	legume_family_legumeinfo	gene_models_main	true	legume_family_legumeinfo|Vigna|unguiculata|IT97K-499-35.gnm1	47a848e10053271a;509eba810398551d;adf452fa93f14a03	12450244	1780819183000000000
8d7547b13de0c0a5	legume_family/legumeinfo/Vigna/unguiculata/ZN016.gnm1.ann2.C7YV/gff3/vigun.ZN016.gnm1.ann2.C7YV.gene_models_main.gff3.gz	legume_family_legumeinfo	gene_models_main	true	legume_family_legumeinfo|Vigna|unguiculata|ZN016.gnm1	aa7caf87bfed5181	8591002	1780819297000000000
355fede4467c0185	legume_family/ncbi/Arachis_hypogaea/ASM4730225v1/gff3/GCA_047302255.1_ASM4730225v1_genomic.gff.gz	legume_family_ncbi	ncbi_genomic	true	legume_family_ncbi|Arachis_hypogaea|ASM4730225v1	a15dd91940f10d0d	10010416	1780828194000000000
cfa22715a78da8bb	legume_family/ncbi/Arachis_hypogaea/S245/gff3/GCA_039853315.1_S245_genomic.gff.gz	legume_family_ncbi	ncbi_genomic	true	legume_family_ncbi|Arachis_hypogaea|S245	9f51e7bd07ec3602	10971214	1780829762000000000
aabec5eb34deeabe	legume_family/ncbi/Arachis_hypogaea/arahy.Tifrunner.gnm1.KYV3/gff3/GCF_003086295.2_arahy.Tifrunner.gnm1.KYV3_genomic.gff.gz	legume_family_ncbi	ncbi_genomic	true	legume_family_ncbi|Arachis_hypogaea|arahy.Tifrunner.gnm1.KYV3	3abc9735177b780a	26217958	1780829916000000000
b31291178dff5afb	legume_family/ncbi/Arachis_hypogaea/arahy.Tifrunner.gnm2.J5K5/gff3/GCF_003086295.3_arahy.Tifrunner.gnm2.J5K5_genomic.gff.gz	legume_family_ncbi	ncbi_genomic	true	legume_family_ncbi|Arachis_hypogaea|arahy.Tifrunner.gnm2.J5K5	502062c5bedafb3b	29506755	1780829942000000000
6ed452c27080af1f	legume_family/ncbi/Arachis_stenosperma/arast.V10309.gnm1.PFL2/gff3/GCF_014773155.1_arast.V10309.gnm1.PFL2_genomic.gff.gz	legume_family_ncbi	ncbi_genomic	true	legume_family_ncbi|Arachis_stenosperma|arast.V10309.gnm1.PFL2	2cc52acbba2655f0	11515958	1780830471000000000
b4475bfe88cdc707	legume_family/ncbi/Cajanus_cajan/NIPB_CcT2T_4/gff3/GCF_000230855.1_NIPB_CcT2T_4_genomic.gff.gz	legume_family_ncbi	ncbi_genomic	true	legume_family_ncbi|Cajanus_cajan|NIPB_CcT2T_4	9d9311fce6d06103	11476430	1780830924000000000
59185cafbedcdb13	legume_family/ncbi/Cicer_arietinum/ASM33114v1/gff3/GCF_000331145.1_ASM33114v1_genomic.gff.gz	legume_family_ncbi	ncbi_genomic	true	legume_family_ncbi|Cicer_arietinum|ASM33114v1	e486629c3f951323	9087894	1780831050000000000
b307ef770624fc05	legume_family/ncbi/Flemingia_macrophylla/ASM4316530v1/gff3/GCA_043165305.1_ASM4316530v1_genomic.gff.gz	legume_family_ncbi	ncbi_genomic	true	legume_family_ncbi|Flemingia_macrophylla|ASM4316530v1	3fe09b71145ae91f	5503361	1780831545000000000
1d0945b06b88038c	legume_family/ncbi/Glycine_max/GmBRS537.a1.v2/gff3/GCA_012273815.2_GmBRS537.a1.v2_genomic.gff.gz	legume_family_ncbi	ncbi_genomic	true	legume_family_ncbi|Glycine_max|GmBRS537.a1.v2	1be2867072344ebf	14188859	1780832196000000000
430a498416fbdc0a	legume_family/ncbi/Glycine_max/GmaxWilliams82ISU01_v2.0/gff3/GCA_043381025.1_GmaxWilliams82ISU01_v2.0_genomic.gff.gz	legume_family_ncbi	ncbi_genomic	true	legume_family_ncbi|Glycine_max|GmaxWilliams82ISU01_v2.0	c3e1a3b63f0f368d	15206535	1780832332000000000
e20821d7095ddb84	legume_family/ncbi/Glycine_max/WHFS_GmWF7_1.0/gff3/GCA_014282035.1_WHFS_GmWF7_1.0_genomic.gff.gz	legume_family_ncbi	ncbi_genomic	true	legume_family_ncbi|Glycine_max|WHFS_GmWF7_1.0	0df156cb56003e79	7239603	1780833057000000000
0c8bb954ae371eff	legume_family/ncbi/Glycine_soja/Glycine_soja_Yongin-0_v1.0/gff3/GCA_048402855.1_Glycine_soja_Yongin-0_v1.0_genomic.gff.gz	legume_family_ncbi	ncbi_genomic	true	legume_family_ncbi|Glycine_soja|Glycine_soja_Yongin-0_v1.0	c8dc325fc923ad87	18173560	1780833319000000000
a539dd17da9fa53a	legume_family/ncbi/Lathyrus_oleraceus/JIC_Psat_v1.3/gff3/GCA_964186695.1_JIC_Psat_v1.3_genomic.gff.gz	legume_family_ncbi	ncbi_genomic	true	legume_family_ncbi|Lathyrus_oleraceus|JIC_Psat_v1.3	bed09d309181f450	7646726	1780834392000000000
dce5aad4e1f5e6af	legume_family/ncbi/Medicago_truncatula/MedtrA17_4.0/gff3/GCF_000219495.3_MedtrA17_4.0_genomic.gff.gz	legume_family_ncbi	ncbi_genomic	true	legume_family_ncbi|Medicago_truncatula|MedtrA17_4.0	4121dfa59f9e82a3	9907178	1780835971000000000
77ff6a100efdce57	legume_family/ncbi/Medicago_truncatula/MtrunA17r5.0-ANR/gff3/GCF_003473485.1_MtrunA17r5.0-ANR_genomic.gff.gz	legume_family_ncbi	ncbi_genomic	true	legume_family_ncbi|Medicago_truncatula|MtrunA17r5.0-ANR	bd9df0d80581cc9f	10248653	1780836000000000000
1a5bd413420bd662	legume_family/ncbi/Trifolium_pratense/ARS_RC_1.1/gff3/GCF_020283565.1_ARS_RC_1.1_genomic.gff.gz	legume_family_ncbi	ncbi_genomic	true	legume_family_ncbi|Trifolium_pratense|ARS_RC_1.1	d02040d97e48d094	12222339	1780837643000000000
7260a8f1220c96ed	legume_family/ncbi/Vicia_faba/ASM4818357v1/gff3/GCA_048183575.1_ASM4818357v1_genomic.gff.gz	legume_family_ncbi	ncbi_genomic	true	legume_family_ncbi|Vicia_faba|ASM4818357v1	d30bbec0cd94b1e2	5822233	1780838000000000000
234ef5a6f74de59a	legume_family/ncbi/Vicia_faba/Hedin2_genome_v1/gff3/GCA_948472305.1_Hedin2_genome_v1_genomic.gff.gz	legume_family_ncbi	ncbi_genomic	true	legume_family_ncbi|Vicia_faba|Hedin2_genome_v1	3cc0ae79d13d49a9	7873040	1780838020000000000
3d1f0682bbae0346	legume_family/ncbi/Vigna_unguiculata/ASM411807v1/gff3/GCF_004118075.1_ASM411807v1_genomic.gff.gz	legume_family_ncbi	ncbi_genomic	true	legume_family_ncbi|Vigna_unguiculata|ASM411807v1	6376df8caff95330	9819359	1780839516000000000
9a327c83fe98c2a9	legumeinfo/Amsoy.gnm1.ann1.6S5P/functional_iprscan/glyma.Amsoy.gnm1.ann1.6S5P.iprscan.gff3.gz	legumeinfo	functional_iprscan	false	legumeinfo|Amsoy.gnm1	8948693e7614b9a0	11081678	1672842027000000000
90fe43afeb903e3e	legumeinfo/DongNongNo_50.gnm1.ann1.QSDB/functional_iprscan/glyma.DongNongNo_50.gnm1.ann1.QSDB.iprscan.gff3.gz	legumeinfo	functional_iprscan	false	legumeinfo|DongNongNo_50.gnm1	1cac6cdef48a6b1e	10706236	1672842027000000000
4f7fb6367bced326	legumeinfo/FengDiHuang.gnm1.ann1.P6HL/gff3/glyma.FengDiHuang.gnm1.ann1.P6HL.gene_models_main.gff3.gz	legumeinfo	gene_models_main	true	legumeinfo|FengDiHuang.gnm1	887fc38a30f65f36	21882747	1732643946000000000
7db8326358dfe7d3	legumeinfo/HeiHeNo_43.gnm1.ann1.PDXG/gff3/glyma.HeiHeNo_43.gnm1.ann1.PDXG.gene_models_main.gff3.gz	legumeinfo	gene_models_main	true	legumeinfo|HeiHeNo_43.gnm1	8c21e283eca8cf3b	21596850	1732644351000000000
af398c6e0df4bbd7	legumeinfo/Huaxia3_IGA1007.gnm1.ann1.LKC7/functional_iprscan/glyma.Huaxia3_IGA1007.gnm1.ann1.LKC7.iprscan.gff3.gz	legumeinfo	functional_iprscan	false	legumeinfo|Huaxia3_IGA1007.gnm1	53effb55de2a9f76	10567859	1685033643000000000
7be0c6c6350a9552	legumeinfo/JiDouNo_17.gnm1.ann1.X5PX/functional_iprscan/glyma.JiDouNo_17.gnm1.ann1.X5PX.iprscan.gff3.gz	legumeinfo	functional_iprscan	false	legumeinfo|JiDouNo_17.gnm1	667ae3303395f049	11381729	1672842028000000000
2b115a89240c5ac1	legumeinfo/JinDouNo_23.gnm1.ann1.SGJW/functional_iprscan/glyma.JinDouNo_23.gnm1.ann1.SGJW.iprscan.gff3.gz	legumeinfo	functional_iprscan	false	legumeinfo|JinDouNo_23.gnm1	da2190d8185c2216	10651164	1672842029000000000
5faa576c44bcffa4	legumeinfo/JinDouNo_23.gnm1.ann1.SGJW/gff3/glyma.JinDouNo_23.gnm1.ann1.SGJW.gene_models_main.gff3.gz	legumeinfo	gene_models_main	true	legumeinfo|JinDouNo_23.gnm1	da2190d8185c2216	20903011	1732644751000000000
261188e80250268f	legumeinfo/PI_548362.gnm1.ann1.LL84/functional_iprscan/glyma.PI_548362.gnm1.ann1.LL84.iprscan.gff3.gz	legumeinfo	functional_iprscan	false	legumeinfo|PI_548362.gnm1	d743659d2310fe55	11176897	1672842030000000000
feb9a51f08fef41a	legumeinfo/PI_548362.gnm1.ann1.LL84/gff3/glyma.PI_548362.gnm1.ann1.LL84.gene_models_main.gff3.gz	legumeinfo	gene_models_main	true	legumeinfo|PI_548362.gnm1	d743659d2310fe55	22429030	1732645569000000000
e8df458ad40274b7	legumeinfo/PI_562565.gnm1.ann1.1JD2/functional_iprscan/glyso.PI_562565.gnm1.ann1.1JD2.iprscan.gff3.gz	legumeinfo	functional_iprscan	false	legumeinfo|PI_562565.gnm1	257bdc8c02ae8e94	11291233	1672851657000000000
f497966edbe32330	legumeinfo/QiHuangNo_34.gnm1.ann1.WHRV/gff3/glyma.QiHuangNo_34.gnm1.ann1.WHRV.gene_models_main.gff3.gz	legumeinfo	gene_models_main	true	legumeinfo|QiHuangNo_34.gnm1	5f25bd9cfe3467d5	20734526	1732645772000000000
af63011f5f771206	legumeinfo/ShiShengChangYe.gnm1.ann1.VLGS/gff3/glyma.ShiShengChangYe.gnm1.ann1.VLGS.gene_models_main.gff3.gz	legumeinfo	gene_models_main	true	legumeinfo|ShiShengChangYe.gnm1	a1031c671efeadfc	22998460	1732646008000000000
8afcab04f121523b	legumeinfo/TieFengNo_18.gnm1.ann1.7GR4/gff3/glyma.TieFengNo_18.gnm1.ann1.7GR4.gene_models_main.gff3.gz	legumeinfo	gene_models_main	true	legumeinfo|TieFengNo_18.gnm1	ae8f30e37611692d	21393031	1732646199000000000
9e34bf096c8c267a	legumeinfo/TieJiaSiLiHuang.gnm1.ann1.W70Z/functional_iprscan/glyma.TieJiaSiLiHuang.gnm1.ann1.W70Z.iprscan.gff3.gz	legumeinfo	functional_iprscan	false	legumeinfo|TieJiaSiLiHuang.gnm1	e7e022605327ebb2	11328443	1672842031000000000
898d04d577329c6e	legumeinfo/TieJiaSiLiHuang.gnm1.ann1.W70Z/gff3/glyma.TieJiaSiLiHuang.gnm1.ann1.W70Z.gene_models_main.gff3.gz	legumeinfo	gene_models_main	true	legumeinfo|TieJiaSiLiHuang.gnm1	e7e022605327ebb2	22723306	1732646438000000000
0c319f797c6fb851	legumeinfo/TongShanTianEDan.gnm1.ann1.56XW/gff3/glyma.TongShanTianEDan.gnm1.ann1.56XW.gene_models_main.gff3.gz	legumeinfo	gene_models_main	true	legumeinfo|TongShanTianEDan.gnm1	bb5dcc92012e8623	21936266	1732646661000000000
70b42423ad1ab6b4	legumeinfo/WanDouNo_28.gnm1.ann1.NLYP/gff3/glyma.WanDouNo_28.gnm1.ann1.NLYP.gene_models_main.gff3.gz	legumeinfo	gene_models_main	true	legumeinfo|WanDouNo_28.gnm1	e75b0684f432e271	21512415	1732646856000000000
c017a7ade8c88819	legumeinfo/Wenfeng7_IGA1001.gnm1.ann1.ZK5W/functional_iprscan/glyma.Wenfeng7_IGA1001.gnm1.ann1.ZK5W.iprscan.gff3.gz	legumeinfo	functional_iprscan	false	legumeinfo|Wenfeng7_IGA1001.gnm1	aacea7c6039184ef	10673675	1686265518000000000
263cc51d243ae156	legumeinfo/Wm82.gnm5.ann1.J7HW/gff3/glyma.Wm82.gnm5.ann1.J7HW.gene_models_main.gff3.gz	legumeinfo	gene_models_main	true	legumeinfo|Wm82.gnm5	0dd3c819f44b67d7	13050427	1713379654000000000
f1886ca8daa9cdeb	legumeinfo/Wm82_NJAU.gnm1.ann1.KM71/gff3/glyma.Wm82_NJAU.gnm1.ann1.KM71.gene_models_main.gff3.gz	legumeinfo	gene_models_main	true	legumeinfo|Wm82_NJAU.gnm1	6d38dcb5c92d95c2	19098309	1765836567000000000
77111d61472d88e1	legumeinfo/YuDouNo_22.gnm1.ann1.HCQ1/functional_iprscan/glyma.YuDouNo_22.gnm1.ann1.HCQ1.iprscan.gff3.gz	legumeinfo	functional_iprscan	false	legumeinfo|YuDouNo_22.gnm1	3e10267861bb14ef	11039372	1672842033000000000
296213afa45c33be	legumeinfo/Zh13.gnm1.ann1.8VV3/gff3/glyma.Zh13.gnm1.ann1.8VV3.gene_models_main.gff3.gz	legumeinfo	gene_models_main	true	legumeinfo|Zh13.gnm1	84b734e351285496	13668321	1765836592000000000
ff20675aa249320c	legumeinfo/Zh13.gnm2.ann1.FJ3G/gff3/glyma.Zh13.gnm2.ann1.FJ3G.gene_models_main.gff3.gz	legumeinfo	gene_models_main	true	legumeinfo|Zh13.gnm2	6e568fc7addcdb8c	18065204	1765836602000000000
695314f6c60c7b63	legumeinfo/ZhangChunManCangJin.gnm1.ann1.7HPB/functional_iprscan/glyma.ZhangChunManCangJin.gnm1.ann1.7HPB.iprscan.gff3.gz	legumeinfo	functional_iprscan	false	legumeinfo|ZhangChunManCangJin.gnm1	0de0accd36af9193	11161207	1672842033000000000
4426c42102e8118d	legumeinfo/Zhutwinning2.gnm1.ann1.ZTTQ/gff3/glyma.Zhutwinning2.gnm1.ann1.ZTTQ.gene_models_main.gff3.gz	legumeinfo	gene_models_main	true	legumeinfo|Zhutwinning2.gnm1	61894c4aea5cf5df	20422734	1732647693000000000
b4f8109ab8f186e3	soyomics/58-161/repeat/SoyL04.repeat.gff3.gz	soyomics	repeat	false	soyomics|58-161	cf64719a8a79dd2e	7687678	1747386872000000000
f24c74badf7f0a50	soyomics/Han_Dou_No.5/gff/SoyC09.gene.gff.gz	soyomics	soyomics_gene	true	soyomics|Han_Dou_No.5	2ceae22cc6f4152c	11631773	1747386747000000000
b6b8e1b7a6a14ce5	soyomics/Hei_He_No.43/ncrna/SoyC13.ncRNA.gff3.gz	soyomics	noncoding	false	soyomics|Hei_He_No.43	c638e721f9634396	107580	1747386866000000000
630f41982818e090	soyomics/Hei_He_No.43/repeat/SoyC13.repeat.gff3.gz	soyomics	repeat	false	soyomics|Hei_He_No.43	c638e721f9634396	7669661	1747386872000000000
31d119a375e79c41	soyomics/Ji_Dou_No.17/gff/SoyC11.gene.gff.gz	soyomics	soyomics_gene	true	soyomics|Ji_Dou_No.17	ea8540c33ae9e337	11764211	1747386747000000000
5d5f0beaa2bb8176	soyomics/Ju_Xuan_No.23/ncrna/SoyC03.ncRNA.gff3.gz	soyomics	noncoding	false	soyomics|Ju_Xuan_No.23	651b538a44345986	94796	1747386866000000000
cccd08b77032a711	soyomics/PI_398296/ncrna/SoyL05.ncRNA.gff3.gz	soyomics	noncoding	false	soyomics|PI_398296	2219a8c1fec1f208	99202	1747386866000000000
e04524ac2f2d5984	soyomics/PI_398296/repeat/SoyL05.repeat.gff3.gz	soyomics	repeat	false	soyomics|PI_398296	2219a8c1fec1f208	7992929	1747386873000000000
f32a844abb6a19b9	soyomics/PI_548362/ncrna/SoyC10.ncRNA.gff3.gz	soyomics	noncoding	false	soyomics|PI_548362	cd492f3987c29f96	98193	1747386866000000000
8678209f79c1ffb0	soyomics/PI_548362/repeat/SoyC10.repeat.gff3.gz	soyomics	repeat	false	soyomics|PI_548362	cd492f3987c29f96	7624330	1747386872000000000
f27f5d18b7faecc2	soyomics/PI_549046/repeat/SoyW02.repeat.gff3.gz	soyomics	repeat	false	soyomics|PI_549046	532ab98b35e1ee8e	7614324	1747386873000000000
dfec78956e395c2e	soyomics/PI_578357/gff/SoyW03.gene.gff.gz	soyomics	soyomics_gene	true	soyomics|PI_578357	70a613d02d05dac6	11121208	1747386749000000000
be63be24371caed5	soyomics/Shi_Sheng_Chang_Ye/ncrna/SoyL09.ncRNA.gff3.gz	soyomics	noncoding	false	soyomics|Shi_Sheng_Chang_Ye	ada35111938e8946	100642	1747386866000000000
ba4cc5f18805a1c7	soyomics/Xu_Dou_No.1/gff/SoyC01.gene.gff.gz	soyomics	soyomics_gene	true	soyomics|Xu_Dou_No.1	22da0a72aed88542	10393144	1747386746000000000
f600c1a58e3ce24c	soyomics/Yu_Dou_No.22/gff/SoyC06.gene.gff.gz	soyomics	soyomics_gene	true	soyomics|Yu_Dou_No.22	35b1ebc78926fabd	10895392	1747386746000000000
ff0bb383dd96b4c5	soyomics/Yu_Dou_No.22/repeat/SoyC06.repeat.gff3.gz	soyomics	repeat	false	soyomics|Yu_Dou_No.22	35b1ebc78926fabd	7722683	1747386871000000000
42ed27f5a634ca03	soyomics/Zhang_Chun_Man_Cang_Jin/ncrna/SoyL06.ncRNA.gff3.gz	soyomics	noncoding	false	soyomics|Zhang_Chun_Man_Cang_Jin	897c87eeab60b4ae	102803	1747386866000000000
c5d3457b62234f2e	soyomics/Zhonghuang_13/gff/ZH13.gene.gff.gz	soyomics	soyomics_gene	true	soyomics|Zhonghuang_13	cd1f3d99dc8ab1e9	13251668	1747386749000000000
c48314b448d31c08	soyomics/Zhutwinning2/gff/SoyL01.gene.gff.gz	soyomics	soyomics_gene	true	soyomics|Zhutwinning2	6b882ca1292e53b8	10492363	1747386747000000000
d866d9a1274288c1	soyomics/Zi_Hua_No.4/gff/SoyL02.gene.gff.gz	soyomics	soyomics_gene	true	soyomics|Zi_Hua_No.4	201554669783ecd0	10821805	1747386748000000000
dcde28ed0ce1495b	soyomics/Zi_Hua_No.4/ncrna/SoyL02.ncRNA.gff3.gz	soyomics	noncoding	false	soyomics|Zi_Hua_No.4	201554669783ecd0	97234	1747386866000000000
